provider,model,base_url,ttft_s,tps,tokens,estimated_total_time_s,error,timestamp
blazeai,glm-4.7-rp,https://blazeai.boxu.dev/v1,,,,,HTTP_404,2026-04-20T21:58:09.881193
supacoder,gpt-5-codex-mini-medium,https://supacoder.top/v1,,,,,HTTP_503,2026-04-20T21:58:09.983662
xinjianya,nvidia/llama-3.1-nemotron-70b-instruct,https://api.xinjianya.top/v1,,,,,HTTP_503,2026-04-20T21:58:10.107800
wiwi,grok-code-fast-1,https://wiwi.up.railway.app/v1,,,,,HTTP_404,2026-04-20T21:58:10.210392
hapuppy,deepseek-r1,https://beta.hapuppy.com/v1,,,,,HTTP_403,2026-04-20T21:58:10.565039
ktai-paid,zai-glm-4.6v-flash,https://ktai.koyeb.app/v1,,,,,HTTP_503,2026-04-20T21:58:10.819521
supacoder,gemini-3-flash-preview-thinking,https://supacoder.top/v1,,,,,HTTP_503,2026-04-20T21:58:10.920143
xinjianya,nvidia/nemotron-4-340b-reward,https://api.xinjianya.top/v1,,,,,HTTP_503,2026-04-20T21:58:11.042343
wiwi,mimo-v2-pro,https://wiwi.up.railway.app/v1,,,,,HTTP_404,2026-04-20T21:58:11.145019
hapuppy,deepseek-v3,https://beta.hapuppy.com/v1,,,,,HTTP_403,2026-04-20T21:58:11.600461
aitools,qwen-qwen2.5-7b,https://platform.aitools.cfd/api/v1,,,,,HTTP_500,2026-04-20T21:58:14.592576
ktai-paid,zai-glm-4.7,https://ktai.koyeb.app/v1,,,,,HTTP_503,2026-04-20T21:58:14.804348
aitools,qwen-qwen3-30b-a3b,https://platform.aitools.cfd/api/v1,,,,,HTTP_500,2026-04-20T21:58:15.322462
supacoder,gpt-5.2-codex-xhigh,https://supacoder.top/v1,,,,,HTTP_503,2026-04-20T21:58:15.423421
xinjianya,openai/gpt-oss-120b,https://api.xinjianya.top/v1,0.61,161.7,1480,62.452919,,2026-04-20T21:58:24.572069
wiwi,minimax-m2.1,https://wiwi.up.railway.app/v1,,,,,HTTP_404,2026-04-20T21:58:24.673237
hapuppy,deepseek-v3.1,https://beta.hapuppy.com/v1,,,,,HTTP_403,2026-04-20T21:58:25.221754
blazeai,grok/grok-4.1-expert,https://blazeai.boxu.dev/v1,1.16,39.2,364,256.262041,,2026-04-20T21:58:25.816567
ktai-paid,zai-glm-5.1,https://ktai.koyeb.app/v1,,,,,HTTP_503,2026-04-20T21:58:26.018347
aitools,qwen-qwen3-coder,https://platform.aitools.cfd/api/v1,,,,,HTTP_500,2026-04-20T21:58:26.120430
supacoder,gpt-5.3-codex-spark-low,https://supacoder.top/v1,,,,,HTTP_503,2026-04-20T21:58:26.220994
xinjianya,李/baichuan-inc/baichuan2-13b-chat,https://api.xinjianya.top/v1,,,,,HTTP_410,2026-04-20T21:58:26.886653
wiwi,minimax-m2.5,https://wiwi.up.railway.app/v1,,,,,HTTP_404,2026-04-20T21:58:26.987438
hapuppy,deepseek-v3.2,https://beta.hapuppy.com/v1,,,,,HTTP_403,2026-04-20T21:58:27.449581
aitools,qwen-qwen3-14b,https://platform.aitools.cfd/api/v1,,,,,HTTP_500,2026-04-20T21:58:27.769833
ollama-cloud,cogito-2.1-671b,https://ollama.com/v1,,,,,HTTP_404,2026-04-20T21:58:28.042104
blazeai,deepseek-ai/deepseek-v3.2,https://blazeai.boxu.dev/v1,,,,,TIMEOUT,2026-04-20T21:58:36.435842
supacoder,gpt-5-codex-mini-high,https://supacoder.top/v1,,,,,HTTP_503,2026-04-20T21:58:36.537352
blazeai,grok/grok-4.20-beta,https://blazeai.boxu.dev/v1,1.09,11.6,5,863.158966,,2026-04-20T21:58:38.006628
wiwi,minimax-m2.7,https://wiwi.up.railway.app/v1,,,,,HTTP_404,2026-04-20T21:58:38.107429
hapuppy,gemini-2.0-flash,https://beta.hapuppy.com/v1,2.03,8.0,38,1252.030000,,2026-04-20T21:58:44.841543
aitools,qwen-qwen3-8b,https://platform.aitools.cfd/api/v1,,,,,HTTP_500,2026-04-20T21:58:46.007128
blazeai,grok/grok-4.1-mini,https://blazeai.boxu.dev/v1,1.43,12.7,291,788.831575,,2026-04-20T21:58:50.462141
xinjianya,李/deepseek-ai/deepseek-v3.1,https://api.xinjianya.top/v1,,,,,HTTP_410,2026-04-20T21:58:51.621718
supacoder,gpt-5.1,https://supacoder.top/v1,,,,,HTTP_503,2026-04-20T21:58:51.977368
xinjianya,李/bytedance/seed-oss-36b-instruct,https://api.xinjianya.top/v1,,,,,TIMEOUT,2026-04-20T21:58:53.434724
wiwi,qwen3.5-397b-a17b,https://wiwi.up.railway.app/v1,,,,,HTTP_404,2026-04-20T21:58:53.702508
hapuppy,gemini-2.5-flash,https://beta.hapuppy.com/v1,6.92,9.1,54,1105.821099,,2026-04-20T21:59:06.541217
aitools,google-gemini-2.0-flash-exp,https://platform.aitools.cfd/api/v1,,,,,HTTP_500,2026-04-20T21:59:07.539253
ollama-cloud,glm-4.6,https://ollama.com/v1,,,,,TIMEOUT,2026-04-20T21:59:11.435385
blazeai,kimi-k2.5,https://blazeai.boxu.dev/v1,,,,,TIMEOUT,2026-04-20T21:59:17.435106
supacoder,gpt-5.2-codex-high,https://supacoder.top/v1,,,,,HTTP_503,2026-04-20T21:59:17.562108
ollama-cloud,glm-4.7,https://ollama.com/v1,1.45,19.8,334,506.500505,,2026-04-20T21:59:25.890716
cursor-proxy,openai/gpt-5.4-nano,http://127.0.0.1:4666/v1,0.08,0.2,1,50000.080000,,2026-04-20T21:59:30.358494
hapuppy,gemini-2.5-pro,https://beta.hapuppy.com/v1,,,,,HTTP_403,2026-04-20T21:59:30.928988
aitools,google-gemma-3-27b,https://platform.aitools.cfd/api/v1,,,,,HTTP_500,2026-04-20T21:59:31.434248
xinjianya,李/deepseek-ai/deepseek-v3.1-terminus,https://api.xinjianya.top/v1,,,,,TIMEOUT,2026-04-20T21:59:37.435549
blazeai,minimax-m2.5,https://blazeai.boxu.dev/v1,,,,,TIMEOUT,2026-04-20T21:59:43.435028
supacoder,minimax-m2.5,https://supacoder.top/v1,,,,,HTTP_503,2026-04-20T21:59:43.626997
ollama-cloud,glm-5,https://ollama.com/v1,,,,,TIMEOUT,2026-04-20T21:59:57.436029
blazeai,random-model,https://blazeai.boxu.dev/v1,1.11,6.5,89,1539.571538,,2026-04-20T21:59:58.418943
hapuppy,gemini-3-flash-preview,https://beta.hapuppy.com/v1,,,,,HTTP_403,2026-04-20T21:59:58.943967
aitools,deepseek-deepseek-r1-32b,https://platform.aitools.cfd/api/v1,,,,,HTTP_500,2026-04-20T21:59:59.938731
ollama-cloud,glm-5.1,https://ollama.com/v1,,,,,HTTP_403,2026-04-20T22:00:00.410916
xinjianya,李/google/gemma-3-12b-it,https://api.xinjianya.top/v1,,,,,HTTP_422,2026-04-20T22:00:01.280742
supacoder,gemini-2.5-flash,https://supacoder.top/v1,,,,,HTTP_503,2026-04-20T22:00:01.437018
blazeai,qwen/qwen3.5-plus-video,https://blazeai.boxu.dev/v1,,,,,HTTP_400,2026-04-20T22:00:01.542392
cursor-proxy,openai/gpt-5-mini,http://127.0.0.1:4666/v1,0.28,0.2,1,50000.280000,,2026-04-20T22:00:02.501322
hapuppy,gemini-3-pro-preview,https://beta.hapuppy.com/v1,,,,,HTTP_403,2026-04-20T22:00:03.017123
aitools,deepseek-deepseek-v3-0324,https://platform.aitools.cfd/api/v1,,,,,HTTP_500,2026-04-20T22:00:03.383310
xinjianya,李/deepseek-ai/deepseek-v3.2,https://api.xinjianya.top/v1,,,,,TIMEOUT,2026-04-20T22:00:03.485223
ollama-cloud,deepseek-v3.1-671b,https://ollama.com/v1,,,,,HTTP_404,2026-04-20T22:00:03.694415
supacoder,gpt-5-codex-low,https://supacoder.top/v1,,,,,HTTP_503,2026-04-20T22:00:03.795650
blazeai,qwen/qwen3.6-plus-video,https://blazeai.boxu.dev/v1,,,,,HTTP_400,2026-04-20T22:00:03.896156
cursor-proxy,openai/gpt-5.1-codex-mini,http://127.0.0.1:4666/v1,0.01,0.3,1,33333.343333,,2026-04-20T22:00:05.480529
hapuppy,gemini-3.1-pro-preview,https://beta.hapuppy.com/v1,,,,,HTTP_403,2026-04-20T22:00:05.893301
aitools,deepseek-deepseek-r1-70b,https://platform.aitools.cfd/api/v1,,,,,HTTP_500,2026-04-20T22:00:06.807737
cursor-proxy,google/gemini-2.5-flash,http://127.0.0.1:4666/v1,0.01,0.3,1,33333.343333,,2026-04-20T22:00:07.016062
xinjianya,李/google/gemma-3-27b-it,https://api.xinjianya.top/v1,0.93,56.7,766,177.296843,,2026-04-20T22:00:17.867488
supacoder,gpt-5.1-high,https://supacoder.top/v1,,,,,HTTP_503,2026-04-20T22:00:17.968931
blazeai,qwen/qwen3-coder-flash,https://blazeai.boxu.dev/v1,1.51,75.2,1,134.488723,,2026-04-20T22:00:19.435945
cursor-proxy,google/gemini-3-flash,http://127.0.0.1:4666/v1,0.01,0.3,1,33333.343333,,2026-04-20T22:00:22.820079
hapuppy,glm-4.5,https://beta.hapuppy.com/v1,,,,,HTTP_403,2026-04-20T22:00:23.867452
aitools,deepseek-deepseek-r1-0528,https://platform.aitools.cfd/api/v1,,,,,HTTP_500,2026-04-20T22:00:25.047004
ollama-cloud,qwen3-coder-480b,https://ollama.com/v1,,,,,HTTP_404,2026-04-20T22:00:25.355053
ollama-cloud,deepseek-v3.2,https://ollama.com/v1,1.21,13.7,293,731.137007,,2026-04-20T22:00:29.343920
supacoder,claude-opus-4-1-20250805,https://supacoder.top/v1,,,,,HTTP_503,2026-04-20T22:00:29.444961
xinjianya,李/google/gemma-3n-e2b-it,https://api.xinjianya.top/v1,,,,,TIMEOUT,2026-04-20T22:00:32.436081
cursor-proxy,cursor/composer-2,http://127.0.0.1:4666/v1,0.01,0.3,1,33333.343333,,2026-04-20T22:00:36.291029
hapuppy,glm-4.6,https://beta.hapuppy.com/v1,,,,,HTTP_403,2026-04-20T22:00:36.734422
aitools,zhipu-glm-4-9b,https://platform.aitools.cfd/api/v1,,,,,HTTP_500,2026-04-20T22:00:37.580817
blazeai,qwen/qwen3.6-plus,https://blazeai.boxu.dev/v1,2.75,13.7,120,732.677007,,2026-04-20T22:00:40.896356
ollama-cloud,qwen3-coder-next,https://ollama.com/v1,0.29,51.1,211,195.984716,,2026-04-20T22:00:42.001661
supacoder,claude-haiku-4-5-20251001,https://supacoder.top/v1,,,,,HTTP_503,2026-04-20T22:00:42.103066
xinjianya,李/google/gemma-3n-e4b-it,https://api.xinjianya.top/v1,,,,,TIMEOUT,2026-04-20T22:00:50.436707
cursor-proxy,cursor/composer-2-fast,http://127.0.0.1:4666/v1,0.01,0.3,1,33333.343333,,2026-04-20T22:00:54.203863
hapuppy,glm-4.7,https://beta.hapuppy.com/v1,,,,,HTTP_403,2026-04-20T22:00:54.800187
aitools,zhipu-glm-4-flash,https://platform.aitools.cfd/api/v1,,,,,HTTP_500,2026-04-20T22:00:55.726213
ollama-cloud,qwen3-vl-235b,https://ollama.com/v1,,,,,HTTP_404,2026-04-20T22:00:55.927279
xinjianya,李/igenius/colosseum_355b_instruct_16k,https://api.xinjianya.top/v1,,,,,HTTP_410,2026-04-20T22:00:56.950013
supacoder,gpt-5.2-codex-low,https://supacoder.top/v1,,,,,HTTP_503,2026-04-20T22:00:57.051117
blazeai,openai/z-ai/glm4.7,https://blazeai.boxu.dev/v1,0.83,15.8,271,633.741392,,2026-04-20T22:01:00.043505
cursor-proxy,moonshot/kimi-k2.5,http://127.0.0.1:4666/v1,0.01,0.2,1,50000.010000,,2026-04-20T22:01:04.109233
hapuppy,glm-5,https://beta.hapuppy.com/v1,,,,,HTTP_403,2026-04-20T22:01:05.011588
aitools,zhipu-glm-4v-flash,https://platform.aitools.cfd/api/v1,,,,,HTTP_500,2026-04-20T22:01:05.865460
ollama-cloud,qwen3-vl-235b-instruct,https://ollama.com/v1,,,,,HTTP_404,2026-04-20T22:01:06.084842
xinjianya,李/google/gemma-4-31b-it,https://api.xinjianya.top/v1,,,,,TIMEOUT,2026-04-20T22:01:06.435134
supacoder,gpt-5-high,https://supacoder.top/v1,,,,,HTTP_503,2026-04-20T22:01:06.537112
xinjianya,李/institute-of-science-tokyo/llama-3.1-swallow-70b-instruct-v0.1,https://api.xinjianya.top/v1,,,,,HTTP_410,2026-04-20T22:01:08.609318
blazeai,openai/gpt-6,https://blazeai.boxu.dev/v1,5.66,148.6,1,72.954751,,2026-04-20T22:01:12.141313
hapuppy,gpt-4.1,https://beta.hapuppy.com/v1,,,,,HTTP_403,2026-04-20T22:01:12.636868
cursor-proxy,openai/gpt-5.4-mini,http://127.0.0.1:4666/v1,0.01,0.2,1,50000.010000,,2026-04-20T22:01:13.191019
ollama-cloud,qwen3-next-80b,https://ollama.com/v1,,,,,HTTP_404,2026-04-20T22:01:13.435996
aitools,zhipu-glm-4.1v-thinking-flash,https://platform.aitools.cfd/api/v1,,,,,HTTP_500,2026-04-20T22:01:13.537001
supacoder,claude-sonnet-4-5-20250929-thinking,https://supacoder.top/v1,,,,,HTTP_503,2026-04-20T22:01:13.637690
blazeai,minimaxai/minimax-m2.7,https://blazeai.boxu.dev/v1,,,,,TIMEOUT,2026-04-20T22:01:22.437520
cursor-proxy,anthropic/claude-haiku-4.5,http://127.0.0.1:4666/v1,0.01,0.2,1,50000.010000,,2026-04-20T22:01:27.124159
hapuppy,gpt-4.1-mini,https://beta.hapuppy.com/v1,,,,,HTTP_403,2026-04-20T22:01:27.530416
aitools,zhipu-glm-4.6v-flash,https://platform.aitools.cfd/api/v1,,,,,HTTP_500,2026-04-20T22:01:28.346445
ollama-cloud,qwen3.5-397b,https://ollama.com/v1,,,,,HTTP_404,2026-04-20T22:01:28.574570
xinjianya,李/LongCat-Flash-Lite,https://api.xinjianya.top/v1,7.5,100.5,179,107.002488,,2026-04-20T22:01:37.857873
xinjianya,李/LongCat-Flash-Chat,https://api.xinjianya.top/v1,11.67,32.2,412,322.229006,,2026-04-20T22:01:37.958543
supacoder,gpt-5-codex-medium,https://supacoder.top/v1,,,,,HTTP_503,2026-04-20T22:01:38.098403
blazeai,openai/minimax-m2.7,https://blazeai.boxu.dev/v1,,,,,HTTP_503,2026-04-20T22:01:38.199446
hapuppy,gpt-4o,https://beta.hapuppy.com/v1,,,,,HTTP_403,2026-04-20T22:01:38.539595
blazeai,deepseek-ai/deepseek-v3.2[2],https://blazeai.boxu.dev/v1,,,,,TIMEOUT,2026-04-20T22:01:39.435288
aitools,zhipu-glm-4.7-flash,https://platform.aitools.cfd/api/v1,,,,,HTTP_500,2026-04-20T22:01:39.537848
ollama-cloud,kimi-k2-1t,https://ollama.com/v1,,,,,HTTP_404,2026-04-20T22:01:39.663898
supacoder,gpt-5-codex-mini,https://supacoder.top/v1,,,,,HTTP_503,2026-04-20T22:01:39.765513
cursor-proxy,openai/gpt-5,http://127.0.0.1:4666/v1,0.1,0.2,1,50000.100000,,2026-04-20T22:01:42.681965
cursor-proxy,openai/gpt-5-codex,http://127.0.0.1:4666/v1,0.01,0.3,1,33333.343333,,2026-04-20T22:01:46.400465
hapuppy,gpt-4o-mini,https://beta.hapuppy.com/v1,,,,,HTTP_403,2026-04-20T22:01:46.804156
aitools,openai-gpt-oss-20b,https://platform.aitools.cfd/api/v1,,,,,HTTP_500,2026-04-20T22:01:47.166148
blazeai,qwen/qwen3.6-plus-thinking,https://blazeai.boxu.dev/v1,,,,,TIMEOUT,2026-04-20T22:02:05.437558
xinjianya,李/LongCat-Flash-Thinking,https://api.xinjianya.top/v1,,,,,TIMEOUT,2026-04-20T22:02:05.548764
supacoder,gpt-5.1-low,https://supacoder.top/v1,,,,,HTTP_503,2026-04-20T22:02:05.649681
ollama-cloud,kimi-k2-thinking,https://ollama.com/v1,,,,,TIMEOUT,2026-04-20T22:02:12.434965
cursor-proxy,openai/gpt-5.1-codex,http://127.0.0.1:4666/v1,0.01,0.3,1,33333.343333,,2026-04-20T22:02:16.275430
hapuppy,gpt-5,https://beta.hapuppy.com/v1,,,,,HTTP_403,2026-04-20T22:02:17.553330
aitools,xiaomi-mimo-v2-flash,https://platform.aitools.cfd/api/v1,,,,,HTTP_500,2026-04-20T22:02:18.101125
xinjianya,李/LongCat-Flash-Thinking-2601,https://api.xinjianya.top/v1,,,,,TIMEOUT,2026-04-20T22:02:31.435208
blazeai,qwen/qwen3.5-plus-thinking,https://blazeai.boxu.dev/v1,,,,,TIMEOUT,2026-04-20T22:02:31.537079
supacoder,gpt-5.4-xhigh,https://supacoder.top/v1,,,,,HTTP_503,2026-04-20T22:02:31.637790
blazeai,deepseek-ai/deepseek-v3.1,https://blazeai.boxu.dev/v1,,,,,HTTP_502,2026-04-20T22:02:31.984903
cursor-proxy,openai/gpt-5.1-codex-max,http://127.0.0.1:4666/v1,0.01,0.3,1,33333.343333,,2026-04-20T22:02:35.934528
hapuppy,gpt-5-codex,https://beta.hapuppy.com/v1,,,,,HTTP_403,2026-04-20T22:02:36.464901
ktai,anthropic/claude-opus-4-6,https://ktai.koyeb.app/v1,,,,,HTTP_401,2026-04-20T22:02:36.761983
ollama-cloud,kimi-k2.5,https://ollama.com/v1,,,,,TIMEOUT,2026-04-20T22:02:43.435061
ollama-cloud,minimax-m2,https://ollama.com/v1,2.28,3.4,23,2943.456471,,2026-04-20T22:02:45.898152
supacoder,gpt-5.2-thinking,https://supacoder.top/v1,,,,,HTTP_503,2026-04-20T22:02:45.998953
blazeai,qwen/coder-model,https://blazeai.boxu.dev/v1,1.47,44.1,1,228.227370,,2026-04-20T22:02:47.438880
cursor-proxy,cursor/composer-1,http://127.0.0.1:4666/v1,0.01,0.2,1,50000.010000,,2026-04-20T22:02:52.331331
hapuppy,gpt-5-mini,https://beta.hapuppy.com/v1,,,,,HTTP_403,2026-04-20T22:02:53.122762
ktai,anthropic/claude-sonnet-4-6,https://ktai.koyeb.app/v1,,,,,HTTP_401,2026-04-20T22:02:53.393512
xinjianya,李/meta/llama-3.1-405b-instruct,https://api.xinjianya.top/v1,1.92,20.4,470,492.116078,,2026-04-20T22:02:56.408271
ollama-cloud,minimax-m2.1,https://ollama.com/v1,0.54,87.9,365,114.305643,,2026-04-20T22:02:58.082812
supacoder,gpt-5-minimal,https://supacoder.top/v1,,,,,HTTP_503,2026-04-20T22:02:58.220290
xinjianya,李/meta/llama-3.3-70b-instruct,https://api.xinjianya.top/v1,0.59,71.9,362,139.672058,,2026-04-20T22:03:02.039504
cursor-proxy,openai/gpt-5.2,http://127.0.0.1:4666/v1,0.01,0.2,1,50000.010000,,2026-04-20T22:03:06.500353
hapuppy,gpt-5.1,https://beta.hapuppy.com/v1,,,,,HTTP_403,2026-04-20T22:03:06.920139
ktai-paid,deepseek-r1,https://ktai.koyeb.app/v1,,,,,HTTP_503,2026-04-20T22:03:07.250795
ollama-cloud,minimax-m2.5,https://ollama.com/v1,,,,,HTTP_500,2026-04-20T22:03:07.505387
xinjianya,李/meta/llama3-70b-instruct,https://api.xinjianya.top/v1,,,,,HTTP_410,2026-04-20T22:03:08.372369
supacoder,gpt-5.4-high,https://supacoder.top/v1,,,,,HTTP_503,2026-04-20T22:03:08.473282
blazeai,deepseek-ai/deepseek-r1-distill-qwen-32b,https://blazeai.boxu.dev/v1,,,,,HTTP_404,2026-04-20T22:03:08.625957
xinjianya,李/meta/llama-3.1-70b-instruct,https://api.xinjianya.top/v1,,,,,TIMEOUT,2026-04-20T22:03:09.435468
hapuppy,gpt-5.1-codex,https://beta.hapuppy.com/v1,,,,,HTTP_403,2026-04-20T22:03:10.018189
ktai-paid,deepseek-r1-0528,https://ktai.koyeb.app/v1,,,,,HTTP_503,2026-04-20T22:03:10.193273
cursor-proxy,openai/gpt-5.2-codex,http://127.0.0.1:4666/v1,0.01,0.3,1,33333.343333,,2026-04-20T22:03:12.535234
xinjianya,李/microsoft/phi-4-mini-flash-reasoning,https://api.xinjianya.top/v1,,,,,HTTP_410,2026-04-20T22:03:13.381014
supacoder,glm-5,https://supacoder.top/v1,,,,,HTTP_503,2026-04-20T22:03:13.482222
blazeai,z-ai/glm4.7-rp,https://blazeai.boxu.dev/v1,,,,,HTTP_404,2026-04-20T22:03:13.583801
cursor-proxy,openai/gpt-5.3-codex,http://127.0.0.1:4666/v1,0.01,0.3,1,33333.343333,,2026-04-20T22:03:17.020104
hapuppy,gpt-5.2,https://beta.hapuppy.com/v1,,,,,HTTP_403,2026-04-20T22:03:17.878626
ktai-paid,deepseek-r1-distill-qwen-32b,https://ktai.koyeb.app/v1,,,,,HTTP_503,2026-04-20T22:03:18.063823
ollama-cloud,mistral-large-3-675b,https://ollama.com/v1,,,,,HTTP_404,2026-04-20T22:03:18.378030
blazeai,deepseek-ai/deepseek-v3.1-terminus,https://blazeai.boxu.dev/v1,,,,,TIMEOUT,2026-04-20T22:03:23.434895
supacoder,qwen3.5-plus,https://supacoder.top/v1,,,,,HTTP_503,2026-04-20T22:03:23.536355
blazeai,z-ai/GLM-5.1-FP8,https://blazeai.boxu.dev/v1,,,,,HTTP_404,2026-04-20T22:03:23.637241
cursor-proxy,google/gemini-3.1-pro,http://127.0.0.1:4666/v1,0.01,0.3,1,33333.343333,,2026-04-20T22:03:26.902459
hapuppy,gpt-5.2-codex,https://beta.hapuppy.com/v1,,,,,HTTP_403,2026-04-20T22:03:27.316577
ktai-paid,deepseek-v3.1,https://ktai.koyeb.app/v1,,,,,HTTP_503,2026-04-20T22:03:27.526332
ollama-cloud,ministral-3-3b,https://ollama.com/v1,,,,,HTTP_404,2026-04-20T22:03:27.717256
ollama-cloud,minimax-m2.7,https://ollama.com/v1,,,,,TIMEOUT,2026-04-20T22:03:35.434985
supacoder,gpt-5.2-codex-medium,https://supacoder.top/v1,,,,,HTTP_503,2026-04-20T22:03:35.536616
blazeai,google/gemma4-26b-q4.gguf,https://blazeai.boxu.dev/v1,,,,,HTTP_404,2026-04-20T22:03:35.639006
cursor-proxy,google/gemini-3-pro,http://127.0.0.1:4666/v1,0.01,0.3,1,33333.343333,,2026-04-20T22:03:39.288098
hapuppy,gpt-5.3-codex,https://beta.hapuppy.com/v1,,,,,HTTP_403,2026-04-20T22:03:39.789907
ktai-paid,deepseek-v3.1-terminus,https://ktai.koyeb.app/v1,,,,,HTTP_503,2026-04-20T22:03:40.130440
ollama-cloud,ministral-3-8b,https://ollama.com/v1,,,,,HTTP_404,2026-04-20T22:03:40.345293
xinjianya,李/microsoft/phi-4-multimodal-instruct,https://api.xinjianya.top/v1,,,,,TIMEOUT,2026-04-20T22:03:43.435886
supacoder,claude-sonnet-4-6-20260217,https://supacoder.top/v1,,,,,HTTP_503,2026-04-20T22:03:43.536394
xinjianya,李/mistralai/devstral-2-123b-instruct-2512,https://api.xinjianya.top/v1,0.72,56.9,383,176.466924,,2026-04-20T22:03:47.801550
cursor-proxy,xai/grok-4.20,http://127.0.0.1:4666/v1,0.01,0.3,1,33333.343333,,2026-04-20T22:03:51.642831
hapuppy,gpt-5.4,https://beta.hapuppy.com/v1,,,,,HTTP_403,2026-04-20T22:03:52.163084
ktai-paid,deepseek-v3.2,https://ktai.koyeb.app/v1,,,,,HTTP_503,2026-04-20T22:03:52.385438
ollama-cloud,ministral-3-14b,https://ollama.com/v1,,,,,HTTP_404,2026-04-20T22:03:52.592178
xinjianya,李/minimaxai/minimax-m2.5,https://api.xinjianya.top/v1,,,,,TIMEOUT,2026-04-20T22:03:53.435005
supacoder,gpt-5.1-codex-max-high,https://supacoder.top/v1,,,,,HTTP_503,2026-04-20T22:03:53.535962
blazeai,qwen/qwen3-coder-plus,https://blazeai.boxu.dev/v1,1.8,18.6,224,539.434409,,2026-04-20T22:03:57.345255
cursor-proxy,openai/gpt-5-fast,http://127.0.0.1:4666/v1,0.01,0.3,1,33333.343333,,2026-04-20T22:04:01.228107
hapuppy,gpt-5.4-mini,https://beta.hapuppy.com/v1,,,,,HTTP_403,2026-04-20T22:04:01.623553
ktai-paid,gemini-3-flash-preview,https://ktai.koyeb.app/v1,2.91,8.7,22,1152.335287,,2026-04-20T22:04:07.072413
ollama-cloud,devstral-2-123b,https://ollama.com/v1,,,,,HTTP_404,2026-04-20T22:04:07.297344
xinjianya,李/mistralai/mistral-small-4-119b-2603,https://api.xinjianya.top/v1,0.96,86.2,480,116.969281,,2026-04-20T22:04:13.823154
supacoder,gpt-5.2,https://supacoder.top/v1,,,,,HTTP_503,2026-04-20T22:04:14.123087
xinjianya,李/mistralai/mistral-large-3-675b-instruct-2512,https://api.xinjianya.top/v1,,,,,TIMEOUT,2026-04-20T22:04:18.443696
blazeai,minimaxai/minimax-m2.5,https://blazeai.boxu.dev/v1,,,,,TIMEOUT,2026-04-20T22:04:19.435773
hapuppy,kimi-k2.5,https://beta.hapuppy.com/v1,,,,,HTTP_403,2026-04-20T22:04:20.454212
cursor-proxy,openai/gpt-5.4,http://127.0.0.1:4666/v1,0.01,0.2,1,50000.010000,,2026-04-20T22:04:23.388868
ollama-cloud,devstral-small-2-24b,https://ollama.com/v1,,,,,HTTP_404,2026-04-20T22:04:23.834471
xinjianya,李/mistralai/mixtral-8x22b-instruct-v0.1,https://api.xinjianya.top/v1,0.87,98.5,180,102.392843,,2026-04-20T22:04:26.529661
supacoder,claude-opus-4-5-20251101-thinking,https://supacoder.top/v1,,,,,HTTP_503,2026-04-20T22:04:26.633292
blazeai,qwen/qwen3.5-plus,https://blazeai.boxu.dev/v1,3.18,14.3,133,702.480699,,2026-04-20T22:04:26.734337
blazeai,deepseek-v3.1-terminus,https://blazeai.boxu.dev/v1,,,,,HTTP_404,2026-04-20T22:04:26.837473
hapuppy,llama-4-maverick-17b-128e-instruct,https://beta.hapuppy.com/v1,,,,,HTTP_403,2026-04-20T22:04:27.202375
cursor-proxy,anthropic/claude-sonnet-4,http://127.0.0.1:4666/v1,0.01,0.2,1,50000.010000,,2026-04-20T22:04:31.749082
ollama-cloud,gemini-3-flash-preview,https://ollama.com/v1,1.76,6.9,21,1451.035362,,2026-04-20T22:04:36.556309
ktai-paid,glm-4.5-flash,https://ktai.koyeb.app/v1,1.07,24.0,510,417.736667,,2026-04-20T22:04:42.731968
supacoder,claude-opus-4-1-20250805-thinking,https://supacoder.top/v1,,,,,HTTP_503,2026-04-20T22:04:42.948143
ktai-paid,glm-4.6v-flash,https://ktai.koyeb.app/v1,3.58,86.0,1207,119.859070,,2026-04-20T22:04:44.818879
cursor-proxy,anthropic/claude-sonnet-4.6,http://127.0.0.1:4666/v1,0.01,0.3,1,33333.343333,,2026-04-20T22:04:48.476323
hapuppy,llama-4-scout-17b-16e-instruct,https://beta.hapuppy.com/v1,,,,,HTTP_403,2026-04-20T22:04:49.428676
xinjianya,李/moonshotai/kimi-k2-instruct,https://api.xinjianya.top/v1,,,,,TIMEOUT,2026-04-20T22:05:02.435785
ollama-cloud,gemma3-4b,https://ollama.com/v1,,,,,HTTP_404,2026-04-20T22:05:02.766679
xinjianya,李/moonshotai/kimi-k2-instruct-0905,https://api.xinjianya.top/v1,1.3,7.9,22,1267.122785,,2026-04-20T22:05:06.860514
supacoder,gpt-5.2-high,https://supacoder.top/v1,,,,,HTTP_503,2026-04-20T22:05:07.013817
blazeai,glm-5.1-think,https://blazeai.boxu.dev/v1,,,,,HTTP_404,2026-04-20T22:05:07.270737
ktai-paid,glm-4.7,https://ktai.koyeb.app/v1,1.51,17.3,288,579.544682,,2026-04-20T22:05:07.544976
hapuppy,o1,https://beta.hapuppy.com/v1,,,,,HTTP_403,2026-04-20T22:05:08.081561
ktai-paid,google-gemini-3-flash,https://ktai.koyeb.app/v1,,,,,HTTP_503,2026-04-20T22:05:08.327400
blazeai,deepseek-v3.2,https://blazeai.boxu.dev/v1,,,,,TIMEOUT,2026-04-20T22:05:08.434246
ollama-cloud,gemma3-12b,https://ollama.com/v1,,,,,HTTP_404,2026-04-20T22:05:08.545274
supacoder,gpt-5.1-codex-max-medium,https://supacoder.top/v1,,,,,HTTP_503,2026-04-20T22:05:08.646273
cursor-proxy,anthropic/claude-sonnet-4.5,http://127.0.0.1:4666/v1,0.01,0.3,1,33333.343333,,2026-04-20T22:05:11.166572
blazeai,gpt-6,https://blazeai.boxu.dev/v1,2.77,252.5,1,42.373960,,2026-04-20T22:05:11.366528
hapuppy,o3,https://beta.hapuppy.com/v1,,,,,HTTP_403,2026-04-20T22:05:11.845786
ktai-paid,google-gemma-2-27b-it,https://ktai.koyeb.app/v1,,,,,HTTP_503,2026-04-20T22:05:12.072429
ollama-cloud,gemma3-27b,https://ollama.com/v1,,,,,HTTP_404,2026-04-20T22:05:12.281398
cursor-proxy,cursor/composer-1.5,http://127.0.0.1:4666/v1,0.0,0.3,1,33333.333333,,2026-04-20T22:05:15.115753
supacoder,gpt-5.1-codex-mini-medium,https://supacoder.top/v1,,,,,HTTP_503,2026-04-20T22:05:15.217949
xinjianya,李/moonshotai/kimi-k2.5,https://api.xinjianya.top/v1,1.25,9.3,99,1076.518817,,2026-04-20T22:05:24.179204
cursor-proxy,anthropic/claude-opus-4.6,http://127.0.0.1:4666/v1,0.01,0.3,1,33333.343333,,2026-04-20T22:05:27.859965
hapuppy,o3-mini,https://beta.hapuppy.com/v1,,,,,HTTP_403,2026-04-20T22:05:28.866779
ktai-paid,google-gemma-4-31b-it,https://ktai.koyeb.app/v1,,,,,HTTP_503,2026-04-20T22:05:29.290390
ollama-cloud,gemma4-31b,https://ollama.com/v1,,,,,HTTP_404,2026-04-20T22:05:29.602018
blazeai,grok-4.1-expert,https://blazeai.boxu.dev/v1,1.2,30.6,418,327.997386,,2026-04-20T22:05:29.998557
supacoder,gemini-3-pro-preview-thinking,https://supacoder.top/v1,,,,,HTTP_503,2026-04-20T22:05:30.099884
xinjianya,李/nvidia/llama-3.1-nemotron-70b-reward,https://api.xinjianya.top/v1,,,,,HTTP_410,2026-04-20T22:05:30.514131
xinjianya,李/moonshotai/kimi-k2-thinking,https://api.xinjianya.top/v1,,,,,TIMEOUT,2026-04-20T22:05:34.435552
hapuppy,qwen3-235b-a22b-instruct,https://beta.hapuppy.com/v1,,,,,HTTP_403,2026-04-20T22:05:34.932164
ktai-paid,kat-coder-exp-72b-1010,https://ktai.koyeb.app/v1,,,,,HTTP_503,2026-04-20T22:05:35.160192
cursor-proxy,anthropic/claude-opus-4.5,http://127.0.0.1:4666/v1,0.01,0.2,1,50000.010000,,2026-04-20T22:05:35.261423
ollama-cloud,gpt-oss-20b,https://ollama.com/v1,,,,,HTTP_404,2026-04-20T22:05:35.365032
supacoder,gpt-5.3-codex-medium,https://supacoder.top/v1,,,,,HTTP_503,2026-04-20T22:05:35.465848
xinjianya,李/nvidia/llama-3.1-nemotron-nano-vl-8b-v1,https://api.xinjianya.top/v1,0.67,42.4,267,236.519057,,2026-04-20T22:05:42.204289
blazeai,grok-4.1-mini,https://blazeai.boxu.dev/v1,0.58,21.5,303,465.696279,,2026-04-20T22:05:44.695299
hapuppy,qwen3-coder-480b-a35b-instruct,https://beta.hapuppy.com/v1,,,,,HTTP_403,2026-04-20T22:05:45.339845
ktai-paid,kat-coder-pro,https://ktai.koyeb.app/v1,,,,,HTTP_503,2026-04-20T22:05:45.527458
ollama-cloud,gpt-oss-120b,https://ollama.com/v1,,,,,HTTP_404,2026-04-20T22:05:45.739946
cursor-proxy,anthropic/claude-sonnet-4-1m,http://127.0.0.1:4666/v1,0.01,0.2,1,50000.010000,,2026-04-20T22:05:47.278416
supacoder,gemini-3-flash-preview,https://supacoder.top/v1,,,,,HTTP_503,2026-04-20T22:05:47.381372
blazeai,minimax-m2.7,https://blazeai.boxu.dev/v1,,,,,HTTP_503,2026-04-20T22:05:47.482786
cursor-proxy,anthropic/claude-opus-4.6-fast,http://127.0.0.1:4666/v1,0.01,0.2,1,50000.010000,,2026-04-20T22:05:51.636836
hapuppy,qwq-32b,https://beta.hapuppy.com/v1,,,,,HTTP_403,2026-04-20T22:05:52.134901
ktai-paid,llama-3.1-405b-instruct,https://ktai.koyeb.app/v1,,,,,HTTP_503,2026-04-20T22:05:52.421393
ollama-cloud,nemotron-3-nano-30b,https://ollama.com/v1,,,,,HTTP_404,2026-04-20T22:05:52.621562
blazeai,grok-4.20-beta,https://blazeai.boxu.dev/v1,2.18,23.7,372,424.120928,,2026-04-20T22:05:53.313218
supacoder,claude-opus-4-5-20251101,https://supacoder.top/v1,,,,,HTTP_503,2026-04-20T22:05:53.414646
xinjianya,李/nvidia/llama-3.1-nemotron-ultra-253b-v1,https://api.xinjianya.top/v1,,,,,TIMEOUT,2026-04-20T22:06:11.435869
cursor-proxy,anthropic/claude-opus-4-6,http://127.0.0.1:4666/v1,0.01,0.3,1,33333.343333,,2026-04-20T22:06:14.964302
hapuppy,deepseek-r1t-chimera,https://beta.hapuppy.com/v1,,,,,HTTP_403,2026-04-20T22:06:15.700094
ktai-paid,llama-3.1-70b-instruct,https://ktai.koyeb.app/v1,,,,,HTTP_503,2026-04-20T22:06:16.392886
xinjianya,李/nvidia/llama-3.3-nemotron-super-49b-v1.5,https://api.xinjianya.top/v1,,,,,TIMEOUT,2026-04-20T22:06:18.435167
blazeai,qwen-coder-model,https://blazeai.boxu.dev/v1,,,,,TIMEOUT,2026-04-20T22:06:18.535969
supacoder,gpt-5.3-codex-spark-medium,https://supacoder.top/v1,,,,,HTTP_503,2026-04-20T22:06:18.838619
blazeai,qwen-qwen3-coder-flash,https://blazeai.boxu.dev/v1,1.61,24.0,1,418.276667,,2026-04-20T22:06:20.485462
cursor-proxy,anthropic/claude-opus-4-6-fast,http://127.0.0.1:4666/v1,0.01,0.3,1,33333.343333,,2026-04-20T22:06:24.018718
hapuppy,deepseek-r1t2-chimera,https://beta.hapuppy.com/v1,,,,,HTTP_403,2026-04-20T22:06:24.502501
ktai-paid,llama-3.3-70b-instruct,https://ktai.koyeb.app/v1,,,,,HTTP_503,2026-04-20T22:06:24.795031
ollama-cloud,rnj-1-8b,https://ollama.com/v1,,,,,HTTP_404,2026-04-20T22:06:25.138113
xinjianya,李/nvidia/usdcode-llama-3.1-70b-instruct,https://api.xinjianya.top/v1,,,,,HTTP_410,2026-04-20T22:06:26.473813
supacoder,gpt-5-medium,https://supacoder.top/v1,,,,,HTTP_503,2026-04-20T22:06:26.597742
ollama-cloud,nemotron-3-super,https://ollama.com/v1,,,,,TIMEOUT,2026-04-20T22:06:41.437316
xinjianya,李/nvidia/nemotron-3-super-120b-a12b,https://api.xinjianya.top/v1,,,,,TIMEOUT,2026-04-20T22:06:44.435740
hapuppy,deepseek-v3.1-nex-n1,https://beta.hapuppy.com/v1,,,,,HTTP_403,2026-04-20T22:06:45.145284
ktai-paid,llama-4-maverick-17b-128e-instruct,https://ktai.koyeb.app/v1,,,,,HTTP_503,2026-04-20T22:06:45.691928
cursor-proxy,auto,http://127.0.0.1:4666/v1,0.01,0.2,1,50000.010000,,2026-04-20T22:06:45.793955
supacoder,claude-haiku-4-5-20251001-thinking,https://supacoder.top/v1,,,,,HTTP_503,2026-04-20T22:06:46.059984
xinjianya,李/qwen/qwen2.5-coder-32b-instruct,https://api.xinjianya.top/v1,0.74,65.7,313,152.947002,,2026-04-20T22:06:51.199071
blazeai,qwen-qwen3-coder-plus,https://blazeai.boxu.dev/v1,,,,,TIMEOUT,2026-04-20T22:06:52.435063
hapuppy,deepseek-v3.1-terminus,https://beta.hapuppy.com/v1,,,,,HTTP_403,2026-04-20T22:06:52.880053
ktai-paid,llama-4-scout-17b-16e-instruct,https://ktai.koyeb.app/v1,,,,,HTTP_503,2026-04-20T22:06:53.102034
xinjianya,李/qwen/qwen3-coder-480b-a35b-instruct,https://api.xinjianya.top/v1,,,,,HTTP_400,2026-04-20T22:06:53.984251
supacoder,gpt-5.1-codex,https://supacoder.top/v1,,,,,HTTP_503,2026-04-20T22:06:54.085595
cursor-proxy,claude-sonnet-4.6,http://127.0.0.1:4666/v1,0.01,0.2,1,50000.010000,,2026-04-20T22:06:56.094312
blazeai,qwen-qwen3.5-plus,https://blazeai.boxu.dev/v1,2.75,13.8,128,727.387681,,2026-04-20T22:06:58.075157
hapuppy,gemini-2.5-flash-lite-preview-06-17,https://beta.hapuppy.com/v1,,,,,HTTP_403,2026-04-20T22:06:58.533473
ktai-paid,minimax-m2,https://ktai.koyeb.app/v1,,,,,HTTP_503,2026-04-20T22:06:58.767240
xinjianya,李/qwen/qwen3-next-80b-a3b-instruct,https://api.xinjianya.top/v1,0.77,5.2,38,1923.846923,,2026-04-20T22:07:06.842057
supacoder,gpt-5.4-mini,https://supacoder.top/v1,,,,,HTTP_503,2026-04-20T22:07:06.942983
blazeai,qwen-qwen3.5-plus-thinking,https://blazeai.boxu.dev/v1,2.7,14.1,154,711.919858,,2026-04-20T22:07:07.703391
kilo,qwen/qwen3.6-plus:free,https://api.kilo.ai/api/gateway,,,,,HTTP_404,2026-04-20T22:07:08.298119
hapuppy,gemini-3.1-flash-lite-preview,https://beta.hapuppy.com/v1,,,,,HTTP_403,2026-04-20T22:07:08.716491
ktai-paid,minimax-m2.1,https://ktai.koyeb.app/v1,,,,,HTTP_500,2026-04-20T22:07:08.881355
kilo,kilo-auto/free,https://api.kilo.ai/api/gateway,3.21,0.4,6,25003.210000,,2026-04-20T22:07:15.174508
blazeai,anthropic/claude-sonnet-4-6,https://blazeai.boxu.dev/v1,,,,,HTTP_404,2026-04-20T22:07:15.301309
blazeai,qwen-qwen3.6-plus,https://blazeai.boxu.dev/v1,2.74,13.9,110,722.164460,,2026-04-20T22:07:17.585937
kilo,google/lyria-3-pro-preview,https://api.kilo.ai/api/gateway,,,,,HTTP_401,2026-04-20T22:07:17.821889
hapuppy,gemma-3n-e4b-it,https://beta.hapuppy.com/v1,,,,,HTTP_403,2026-04-20T22:07:18.634432
ktai-paid,minimax-m2.5,https://ktai.koyeb.app/v1,,,,,HTTP_503,2026-04-20T22:07:18.906756
xinjianya,李/qwen/qwen3.5-122b-a10b,https://api.xinjianya.top/v1,2.3,6.5,52,1540.761538,,2026-04-20T22:07:29.181887
xinjianya,李/qwen/qwen3-next-80b-a3b-thinking,https://api.xinjianya.top/v1,0.63,13.1,319,763.988779,,2026-04-20T22:07:33.861039
blazeai,z-ai-glm-5,https://blazeai.boxu.dev/v1,,,,,HTTP_404,2026-04-20T22:07:34.221631
kilo,google/lyria-3-clip-preview,https://api.kilo.ai/api/gateway,,,,,HTTP_401,2026-04-20T22:07:34.568554
hapuppy,glm-4.5-air,https://beta.hapuppy.com/v1,,,,,HTTP_403,2026-04-20T22:07:35.271908
ktai-paid,minimax-m2.7,https://ktai.koyeb.app/v1,,,,,HTTP_503,2026-04-20T22:07:35.754467
blazeai,qwen-qwen3.6-plus-thinking,https://blazeai.boxu.dev/v1,,,,,TIMEOUT,2026-04-20T22:07:40.439553
blazeai,openai/gpt-5.3-codex,https://blazeai.boxu.dev/v1,,,,,HTTP_403,2026-04-20T22:07:40.602516
blazeai,z-ai-glm-5.1,https://blazeai.boxu.dev/v1,,,,,HTTP_404,2026-04-20T22:07:40.705181
kilo,nvidia/nemotron-3-super-120b-a12b:free,https://api.kilo.ai/api/gateway,6.51,57770.9,4,6.683098,,2026-04-20T22:07:47.200578
hapuppy,gpt-4.1-nano,https://beta.hapuppy.com/v1,,,,,HTTP_403,2026-04-20T22:07:47.785209
ktai-paid,codestral-22b-instruct,https://ktai.koyeb.app/v1,,,,,HTTP_503,2026-04-20T22:07:48.046834
xinjianya,李/speakleash/bielik-11b-v2.6-instruct,https://api.xinjianya.top/v1,,,,,HTTP_410,2026-04-20T22:07:49.160033
blazeai,google/gemini-3.1-pro-preview,https://blazeai.boxu.dev/v1,,,,,RATE_LIMIT,2026-04-20T22:07:50.382271
blazeai,z-ai-glm-5.1-nothink,https://blazeai.boxu.dev/v1,,,,,HTTP_404,2026-04-20T22:07:50.515956
blazeai,openai/deepseek-ai/deepseek-v3.2,https://blazeai.boxu.dev/v1,,,,,TIMEOUT,2026-04-20T22:07:54.434861
hapuppy,gpt-5-chat-latest,https://beta.hapuppy.com/v1,,,,,HTTP_403,2026-04-20T22:07:55.106667
ktai-paid,devstral-2-123b-instruct,https://ktai.koyeb.app/v1,,,,,HTTP_503,2026-04-20T22:07:55.350736
kilo,openrouter/free,https://api.kilo.ai/api/gateway,0.67,42.8,350,234.314860,,2026-04-20T22:07:59.354177
xinjianya,李/qwen/qwen3.5-397b-a17b,https://api.xinjianya.top/v1,,,,,TIMEOUT,2026-04-20T22:08:01.436138
supacoder,gpt-5.3-codex-spark-high,https://supacoder.top/v1,,,,,HTTP_503,2026-04-20T22:08:20.158909
xinjianya,英伟达/nvidia/riva-translate-4b-instruct-v1.1,https://api.xinjianya.top/v1,0.65,21.5,5,465.766279,,2026-04-20T22:08:20.743883
kilo,x-ai/grok-code-fast-1:optimized:free,https://api.kilo.ai/api/gateway,0.93,99.0,314,101.940101,,2026-04-20T22:08:24.263598
xinjianya,英伟达/nvidia/streampetr,https://api.xinjianya.top/v1,,,,,HTTP_410,2026-04-20T22:08:24.688154
supacoder,gpt-5.1-codex-medium,https://supacoder.top/v1,,,,,HTTP_503,2026-04-20T22:08:24.788995
kilo,corethink:free,https://api.kilo.ai/api/gateway,,,,,HTTP_404,2026-04-20T22:08:24.923398
xinjianya,deepseek-chat,https://api.xinjianya.top/v1,,,,,CONN_FAIL,2026-04-21T00:41:20.681785
xinjianya,deepseek-expert-chat,https://api.xinjianya.top/v1,,,,,CONN_FAIL,2026-04-21T00:41:20.681867
xinjianya,deepseek-expert-reasoner,https://api.xinjianya.top/v1,,,,,CONN_FAIL,2026-04-21T00:41:20.681886
xinjianya,deepseek-reasoner,https://api.xinjianya.top/v1,,,,,CONN_FAIL,2026-04-21T00:41:20.681901
xinjianya,gpt-5.4,https://api.xinjianya.top/v1,,,,,CONN_FAIL,2026-04-21T00:41:20.681913
xinjianya,李/stepfun-ai/step-3.5-flash,https://api.xinjianya.top/v1,,,,,CONN_FAIL,2026-04-21T00:41:20.681925
xinjianya,李/stockmark/stockmark-2-100b-instruct,https://api.xinjianya.top/v1,,,,,CONN_FAIL,2026-04-21T00:41:20.681945
xinjianya,李/yentinglin/llama-3-taiwan-70b-instruct,https://api.xinjianya.top/v1,,,,,CONN_FAIL,2026-04-21T00:41:20.681956
xinjianya,李/z-ai/glm4.7,https://api.xinjianya.top/v1,,,,,CONN_FAIL,2026-04-21T00:41:20.681966
xinjianya,李/z-ai/glm5,https://api.xinjianya.top/v1,,,,,CONN_FAIL,2026-04-21T00:41:20.681976
xinjianya,英伟达/01-ai/yi-large,https://api.xinjianya.top/v1,,,,,CONN_FAIL,2026-04-21T00:41:20.681991
xinjianya,英伟达/abacusai/dracarys-llama-3.1-70b-instruct,https://api.xinjianya.top/v1,,,,,CONN_FAIL,2026-04-21T00:41:20.682001
xinjianya,英伟达/adept/fuyu-8b,https://api.xinjianya.top/v1,,,,,CONN_FAIL,2026-04-21T00:41:20.682012
xinjianya,英伟达/ai21labs/jamba-1.5-large-instruct,https://api.xinjianya.top/v1,,,,,CONN_FAIL,2026-04-21T00:41:20.682022
xinjianya,英伟达/ai21labs/jamba-1.5-mini-instruct,https://api.xinjianya.top/v1,,,,,CONN_FAIL,2026-04-21T00:41:20.682032
xinjianya,英伟达/aisingapore/sea-lion-7b-instruct,https://api.xinjianya.top/v1,,,,,CONN_FAIL,2026-04-21T00:41:20.682042
xinjianya,英伟达/baai/bge-m3,https://api.xinjianya.top/v1,,,,,CONN_FAIL,2026-04-21T00:41:20.682053
xinjianya,英伟达/baichuan-inc/baichuan2-13b-chat,https://api.xinjianya.top/v1,,,,,CONN_FAIL,2026-04-21T00:41:20.682063
xinjianya,英伟达/bigcode/starcoder2-15b,https://api.xinjianya.top/v1,,,,,CONN_FAIL,2026-04-21T00:41:20.682073
xinjianya,英伟达/bigcode/starcoder2-7b,https://api.xinjianya.top/v1,,,,,CONN_FAIL,2026-04-21T00:41:20.682083
xinjianya,英伟达/bytedance/seed-oss-36b-instruct,https://api.xinjianya.top/v1,,,,,CONN_FAIL,2026-04-21T00:41:20.682093
xinjianya,英伟达/databricks/dbrx-instruct,https://api.xinjianya.top/v1,,,,,CONN_FAIL,2026-04-21T00:41:20.682104
xinjianya,英伟达/deepseek-ai/deepseek-coder-6.7b-instruct,https://api.xinjianya.top/v1,,,,,CONN_FAIL,2026-04-21T00:41:20.682114
xinjianya,英伟达/deepseek-ai/deepseek-r1-distill-llama-8b,https://api.xinjianya.top/v1,,,,,CONN_FAIL,2026-04-21T00:41:20.682124
xinjianya,英伟达/deepseek-ai/deepseek-r1-distill-qwen-14b,https://api.xinjianya.top/v1,,,,,CONN_FAIL,2026-04-21T00:41:20.682134
xinjianya,英伟达/deepseek-ai/deepseek-r1-distill-qwen-32b,https://api.xinjianya.top/v1,,,,,CONN_FAIL,2026-04-21T00:41:20.682144
xinjianya,英伟达/deepseek-ai/deepseek-r1-distill-qwen-7b,https://api.xinjianya.top/v1,,,,,CONN_FAIL,2026-04-21T00:41:20.682154
xinjianya,英伟达/deepseek-ai/deepseek-v3.1,https://api.xinjianya.top/v1,,,,,CONN_FAIL,2026-04-21T00:41:20.682164
xinjianya,英伟达/deepseek-ai/deepseek-v3.1-terminus,https://api.xinjianya.top/v1,,,,,CONN_FAIL,2026-04-21T00:41:20.682174
xinjianya,英伟达/deepseek-ai/deepseek-v3.2,https://api.xinjianya.top/v1,,,,,CONN_FAIL,2026-04-21T00:41:20.682184
xinjianya,英伟达/google/codegemma-1.1-7b,https://api.xinjianya.top/v1,,,,,CONN_FAIL,2026-04-21T00:41:20.682194
xinjianya,英伟达/google/codegemma-7b,https://api.xinjianya.top/v1,,,,,CONN_FAIL,2026-04-21T00:41:20.682204
xinjianya,英伟达/google/deplot,https://api.xinjianya.top/v1,,,,,CONN_FAIL,2026-04-21T00:41:20.682214
xinjianya,英伟达/google/gemma-2-27b-it,https://api.xinjianya.top/v1,,,,,CONN_FAIL,2026-04-21T00:41:20.682224
xinjianya,英伟达/google/gemma-2-2b-it,https://api.xinjianya.top/v1,,,,,CONN_FAIL,2026-04-21T00:41:20.682234
xinjianya,英伟达/google/gemma-2-9b-it,https://api.xinjianya.top/v1,,,,,CONN_FAIL,2026-04-21T00:41:20.682244
xinjianya,英伟达/google/gemma-2b,https://api.xinjianya.top/v1,,,,,CONN_FAIL,2026-04-21T00:41:20.682254
xinjianya,英伟达/google/gemma-3-12b-it,https://api.xinjianya.top/v1,,,,,CONN_FAIL,2026-04-21T00:41:20.682264
xinjianya,英伟达/google/gemma-3-1b-it,https://api.xinjianya.top/v1,,,,,CONN_FAIL,2026-04-21T00:41:20.682275
xinjianya,英伟达/google/gemma-3-27b-it,https://api.xinjianya.top/v1,,,,,CONN_FAIL,2026-04-21T00:41:20.682285
xinjianya,英伟达/google/gemma-3-4b-it,https://api.xinjianya.top/v1,,,,,CONN_FAIL,2026-04-21T00:41:20.682294
xinjianya,英伟达/google/gemma-3n-e2b-it,https://api.xinjianya.top/v1,,,,,CONN_FAIL,2026-04-21T00:41:20.682304
xinjianya,英伟达/google/gemma-3n-e4b-it,https://api.xinjianya.top/v1,,,,,CONN_FAIL,2026-04-21T00:41:20.682316
xinjianya,英伟达/google/gemma-4-31b-it,https://api.xinjianya.top/v1,,,,,CONN_FAIL,2026-04-21T00:41:20.682339
xinjianya,英伟达/google/gemma-7b,https://api.xinjianya.top/v1,,,,,CONN_FAIL,2026-04-21T00:41:20.682354
xinjianya,英伟达/google/paligemma,https://api.xinjianya.top/v1,,,,,CONN_FAIL,2026-04-21T00:41:20.682364
xinjianya,英伟达/google/recurrentgemma-2b,https://api.xinjianya.top/v1,,,,,CONN_FAIL,2026-04-21T00:41:20.682374
xinjianya,英伟达/google/shieldgemma-9b,https://api.xinjianya.top/v1,,,,,CONN_FAIL,2026-04-21T00:41:20.682439
xinjianya,英伟达/gotocompany/gemma-2-9b-cpt-sahabatai-instruct,https://api.xinjianya.top/v1,,,,,CONN_FAIL,2026-04-21T00:41:20.682455
xinjianya,英伟达/ibm/granite-3.0-3b-a800m-instruct,https://api.xinjianya.top/v1,,,,,CONN_FAIL,2026-04-21T00:41:20.682465
xinjianya,英伟达/ibm/granite-3.0-8b-instruct,https://api.xinjianya.top/v1,,,,,CONN_FAIL,2026-04-21T00:41:20.682476
xinjianya,英伟达/ibm/granite-3.3-8b-instruct,https://api.xinjianya.top/v1,,,,,CONN_FAIL,2026-04-21T00:41:20.682487
xinjianya,英伟达/ibm/granite-34b-code-instruct,https://api.xinjianya.top/v1,,,,,CONN_FAIL,2026-04-21T00:41:20.682497
xinjianya,英伟达/ibm/granite-8b-code-instruct,https://api.xinjianya.top/v1,,,,,CONN_FAIL,2026-04-21T00:41:20.682507
xinjianya,英伟达/ibm/granite-guardian-3.0-8b,https://api.xinjianya.top/v1,,,,,CONN_FAIL,2026-04-21T00:41:20.682518
xinjianya,英伟达/igenius/colosseum_355b_instruct_16k,https://api.xinjianya.top/v1,,,,,CONN_FAIL,2026-04-21T00:41:20.682528
xinjianya,英伟达/igenius/italia_10b_instruct_16k,https://api.xinjianya.top/v1,,,,,CONN_FAIL,2026-04-21T00:41:20.682538
xinjianya,英伟达/institute-of-science-tokyo/llama-3.1-swallow-70b-instruct-v0.1,https://api.xinjianya.top/v1,,,,,CONN_FAIL,2026-04-21T00:41:20.682549
xinjianya,英伟达/institute-of-science-tokyo/llama-3.1-swallow-8b-instruct-v0.1,https://api.xinjianya.top/v1,,,,,CONN_FAIL,2026-04-21T00:41:20.682560
xinjianya,英伟达/marin/marin-8b-instruct,https://api.xinjianya.top/v1,,,,,CONN_FAIL,2026-04-21T00:41:20.682571
xinjianya,英伟达/mediatek/breeze-7b-instruct,https://api.xinjianya.top/v1,,,,,CONN_FAIL,2026-04-21T00:41:20.682581
xinjianya,英伟达/meta/codellama-70b,https://api.xinjianya.top/v1,,,,,CONN_FAIL,2026-04-21T00:41:20.682592
xinjianya,英伟达/meta/llama-3.1-405b-instruct,https://api.xinjianya.top/v1,,,,,CONN_FAIL,2026-04-21T00:41:20.682602
xinjianya,英伟达/meta/llama-3.1-70b-instruct,https://api.xinjianya.top/v1,,,,,CONN_FAIL,2026-04-21T00:41:20.682612
xinjianya,英伟达/meta/llama-3.1-8b-instruct,https://api.xinjianya.top/v1,,,,,CONN_FAIL,2026-04-21T00:41:20.682623
xinjianya,英伟达/meta/llama-3.2-1b-instruct,https://api.xinjianya.top/v1,,,,,CONN_FAIL,2026-04-21T00:41:20.682633
xinjianya,英伟达/meta/llama-3.2-3b-instruct,https://api.xinjianya.top/v1,,,,,CONN_FAIL,2026-04-21T00:41:20.682644
xinjianya,英伟达/meta/llama-3.3-70b-instruct,https://api.xinjianya.top/v1,,,,,CONN_FAIL,2026-04-21T00:41:20.682654
xinjianya,英伟达/meta/llama-4-maverick-17b-128e-instruct,https://api.xinjianya.top/v1,,,,,CONN_FAIL,2026-04-21T00:41:20.682664
xinjianya,英伟达/meta/llama-4-scout-17b-16e-instruct,https://api.xinjianya.top/v1,,,,,CONN_FAIL,2026-04-21T00:41:20.682675
xinjianya,英伟达/meta/llama-guard-4-12b,https://api.xinjianya.top/v1,,,,,CONN_FAIL,2026-04-21T00:41:20.682685
xinjianya,英伟达/meta/llama2-70b,https://api.xinjianya.top/v1,,,,,CONN_FAIL,2026-04-21T00:41:20.682696
xinjianya,英伟达/meta/llama3-70b-instruct,https://api.xinjianya.top/v1,,,,,CONN_FAIL,2026-04-21T00:41:20.682706
xinjianya,英伟达/meta/llama3-8b-instruct,https://api.xinjianya.top/v1,,,,,CONN_FAIL,2026-04-21T00:41:20.682716
xinjianya,英伟达/microsoft/kosmos-2,https://api.xinjianya.top/v1,,,,,CONN_FAIL,2026-04-21T00:41:20.682726
xinjianya,英伟达/microsoft/phi-3-medium-128k-instruct,https://api.xinjianya.top/v1,,,,,CONN_FAIL,2026-04-21T00:41:20.682736
xinjianya,英伟达/microsoft/phi-3-medium-4k-instruct,https://api.xinjianya.top/v1,,,,,CONN_FAIL,2026-04-21T00:41:20.682748
xinjianya,英伟达/microsoft/phi-3-mini-128k-instruct,https://api.xinjianya.top/v1,,,,,CONN_FAIL,2026-04-21T00:41:20.682759
xinjianya,英伟达/microsoft/phi-3-mini-4k-instruct,https://api.xinjianya.top/v1,,,,,CONN_FAIL,2026-04-21T00:41:20.682770
xinjianya,英伟达/microsoft/phi-3-small-128k-instruct,https://api.xinjianya.top/v1,,,,,CONN_FAIL,2026-04-21T00:41:20.682784
xinjianya,英伟达/microsoft/phi-3-small-8k-instruct,https://api.xinjianya.top/v1,,,,,CONN_FAIL,2026-04-21T00:41:20.682794
xinjianya,英伟达/microsoft/phi-3.5-mini-instruct,https://api.xinjianya.top/v1,,,,,CONN_FAIL,2026-04-21T00:41:20.682804
xinjianya,英伟达/microsoft/phi-3.5-moe-instruct,https://api.xinjianya.top/v1,,,,,CONN_FAIL,2026-04-21T00:41:20.682814
xinjianya,英伟达/microsoft/phi-4-mini-flash-reasoning,https://api.xinjianya.top/v1,,,,,CONN_FAIL,2026-04-21T00:41:20.682824
xinjianya,英伟达/microsoft/phi-4-mini-instruct,https://api.xinjianya.top/v1,,,,,CONN_FAIL,2026-04-21T00:41:20.682835
xinjianya,英伟达/microsoft/phi-4-multimodal-instruct,https://api.xinjianya.top/v1,,,,,CONN_FAIL,2026-04-21T00:41:20.682845
xinjianya,英伟达/minimaxai/minimax-m2.5,https://api.xinjianya.top/v1,,,,,CONN_FAIL,2026-04-21T00:41:20.682855
xinjianya,英伟达/minimaxai/minimax-m2.7,https://api.xinjianya.top/v1,,,,,CONN_FAIL,2026-04-21T00:41:20.682865
xinjianya,英伟达/mistralai/codestral-22b-instruct-v0.1,https://api.xinjianya.top/v1,,,,,CONN_FAIL,2026-04-21T00:41:20.682875
xinjianya,英伟达/mistralai/devstral-2-123b-instruct-2512,https://api.xinjianya.top/v1,,,,,CONN_FAIL,2026-04-21T00:41:20.682885
xinjianya,英伟达/mistralai/magistral-small-2506,https://api.xinjianya.top/v1,,,,,CONN_FAIL,2026-04-21T00:41:20.682895
xinjianya,英伟达/mistralai/mamba-codestral-7b-v0.1,https://api.xinjianya.top/v1,,,,,CONN_FAIL,2026-04-21T00:41:20.682905
xinjianya,英伟达/mistralai/mathstral-7b-v0.1,https://api.xinjianya.top/v1,,,,,CONN_FAIL,2026-04-21T00:41:20.682915
xinjianya,英伟达/mistralai/ministral-14b-instruct-2512,https://api.xinjianya.top/v1,,,,,CONN_FAIL,2026-04-21T00:41:20.682925
xinjianya,英伟达/mistralai/mistral-7b-instruct-v0.2,https://api.xinjianya.top/v1,,,,,CONN_FAIL,2026-04-21T00:41:20.682935
xinjianya,英伟达/mistralai/mistral-7b-instruct-v0.3,https://api.xinjianya.top/v1,,,,,CONN_FAIL,2026-04-21T00:41:20.682945
xinjianya,英伟达/mistralai/mistral-large,https://api.xinjianya.top/v1,,,,,CONN_FAIL,2026-04-21T00:41:20.682955
xinjianya,英伟达/mistralai/mistral-large-2-instruct,https://api.xinjianya.top/v1,,,,,CONN_FAIL,2026-04-21T00:41:20.682965
xinjianya,英伟达/mistralai/mistral-large-3-675b-instruct-2512,https://api.xinjianya.top/v1,,,,,CONN_FAIL,2026-04-21T00:41:20.682975
xinjianya,英伟达/mistralai/mistral-medium-3-instruct,https://api.xinjianya.top/v1,,,,,CONN_FAIL,2026-04-21T00:41:20.682985
xinjianya,英伟达/mistralai/mistral-nemotron,https://api.xinjianya.top/v1,,,,,CONN_FAIL,2026-04-21T00:41:20.682995
xinjianya,英伟达/mistralai/mistral-small-24b-instruct,https://api.xinjianya.top/v1,,,,,CONN_FAIL,2026-04-21T00:41:20.683005
xinjianya,英伟达/mistralai/mistral-small-3.1-24b-instruct-2503,https://api.xinjianya.top/v1,,,,,CONN_FAIL,2026-04-21T00:41:20.683014
xinjianya,英伟达/mistralai/mistral-small-4-119b-2603,https://api.xinjianya.top/v1,,,,,CONN_FAIL,2026-04-21T00:41:20.683024
xinjianya,英伟达/mistralai/mixtral-8x22b-instruct-v0.1,https://api.xinjianya.top/v1,,,,,CONN_FAIL,2026-04-21T00:41:20.683034
xinjianya,英伟达/mistralai/mixtral-8x22b-v0.1,https://api.xinjianya.top/v1,,,,,CONN_FAIL,2026-04-21T00:41:20.683044
xinjianya,英伟达/mistralai/mixtral-8x7b-instruct-v0.1,https://api.xinjianya.top/v1,,,,,CONN_FAIL,2026-04-21T00:41:20.683054
xinjianya,英伟达/moonshotai/kimi-k2-instruct,https://api.xinjianya.top/v1,,,,,CONN_FAIL,2026-04-21T00:41:20.683064
xinjianya,英伟达/moonshotai/kimi-k2-instruct-0905,https://api.xinjianya.top/v1,,,,,CONN_FAIL,2026-04-21T00:41:20.683074
xinjianya,英伟达/moonshotai/kimi-k2-thinking,https://api.xinjianya.top/v1,,,,,CONN_FAIL,2026-04-21T00:41:20.683086
xinjianya,英伟达/moonshotai/kimi-k2.5,https://api.xinjianya.top/v1,,,,,CONN_FAIL,2026-04-21T00:41:20.683096
xinjianya,英伟达/nv-mistralai/mistral-nemo-12b-instruct,https://api.xinjianya.top/v1,,,,,CONN_FAIL,2026-04-21T00:41:20.683105
xinjianya,英伟达/nvidia/cosmos-reason2-8b,https://api.xinjianya.top/v1,,,,,CONN_FAIL,2026-04-21T00:41:20.683115
xinjianya,英伟达/nvidia/gliner-pii,https://api.xinjianya.top/v1,,,,,CONN_FAIL,2026-04-21T00:41:20.683125
xinjianya,英伟达/nvidia/llama-3.1-nemoguard-8b-topic-control,https://api.xinjianya.top/v1,,,,,CONN_FAIL,2026-04-21T00:41:20.683135
xinjianya,英伟达/nvidia/llama-3.1-nemotron-51b-instruct,https://api.xinjianya.top/v1,,,,,CONN_FAIL,2026-04-21T00:41:20.683180
xinjianya,英伟达/nvidia/llama-3.1-nemotron-70b-instruct,https://api.xinjianya.top/v1,,,,,CONN_FAIL,2026-04-21T00:41:20.683200
xinjianya,英伟达/nvidia/llama-3.1-nemotron-70b-reward,https://api.xinjianya.top/v1,,,,,CONN_FAIL,2026-04-21T00:41:20.683211
xinjianya,英伟达/nvidia/llama-3.1-nemotron-nano-4b-v1.1,https://api.xinjianya.top/v1,,,,,CONN_FAIL,2026-04-21T00:41:20.683222
xinjianya,英伟达/nvidia/llama-3.1-nemotron-nano-8b-v1,https://api.xinjianya.top/v1,,,,,CONN_FAIL,2026-04-21T00:41:20.683233
xinjianya,英伟达/nvidia/llama-3.1-nemotron-nano-vl-8b-v1,https://api.xinjianya.top/v1,,,,,CONN_FAIL,2026-04-21T00:41:20.683246
xinjianya,英伟达/nvidia/llama-3.1-nemotron-ultra-253b-v1,https://api.xinjianya.top/v1,,,,,CONN_FAIL,2026-04-21T00:41:20.683258
xinjianya,英伟达/nvidia/llama-3.3-nemotron-super-49b-v1,https://api.xinjianya.top/v1,,,,,CONN_FAIL,2026-04-21T00:41:20.683269
xinjianya,英伟达/nvidia/llama-3.3-nemotron-super-49b-v1.5,https://api.xinjianya.top/v1,,,,,CONN_FAIL,2026-04-21T00:41:20.683280
xinjianya,英伟达/nvidia/llama3-chatqa-1.5-70b,https://api.xinjianya.top/v1,,,,,CONN_FAIL,2026-04-21T00:41:20.683290
xinjianya,英伟达/nvidia/llama3-chatqa-1.5-8b,https://api.xinjianya.top/v1,,,,,CONN_FAIL,2026-04-21T00:41:20.683300
xinjianya,英伟达/nvidia/mistral-nemo-minitron-8b-8k-instruct,https://api.xinjianya.top/v1,,,,,CONN_FAIL,2026-04-21T00:41:20.683311
xinjianya,英伟达/nvidia/mistral-nemo-minitron-8b-base,https://api.xinjianya.top/v1,,,,,CONN_FAIL,2026-04-21T00:41:20.683324
xinjianya,英伟达/nvidia/nemotron-3-nano-30b-a3b,https://api.xinjianya.top/v1,,,,,CONN_FAIL,2026-04-21T00:41:20.683334
xinjianya,英伟达/nvidia/nemotron-3-super-120b-a12b,https://api.xinjianya.top/v1,,,,,CONN_FAIL,2026-04-21T00:41:20.683344
xinjianya,英伟达/nvidia/nemotron-4-340b-instruct,https://api.xinjianya.top/v1,,,,,CONN_FAIL,2026-04-21T00:41:20.683354
xinjianya,英伟达/nvidia/nemotron-4-340b-reward,https://api.xinjianya.top/v1,,,,,CONN_FAIL,2026-04-21T00:41:20.683366
xinjianya,英伟达/nvidia/nemotron-4-mini-hindi-4b-instruct,https://api.xinjianya.top/v1,,,,,CONN_FAIL,2026-04-21T00:41:20.683377
xinjianya,英伟达/nvidia/nemotron-mini-4b-instruct,https://api.xinjianya.top/v1,,,,,CONN_FAIL,2026-04-21T00:41:20.683387
xinjianya,英伟达/nvidia/nemotron-nano-12b-v2-vl,https://api.xinjianya.top/v1,,,,,CONN_FAIL,2026-04-21T00:41:20.683397
xinjianya,英伟达/nvidia/nemotron-nano-3-30b-a3b,https://api.xinjianya.top/v1,,,,,CONN_FAIL,2026-04-21T00:41:20.683407
xinjianya,英伟达/nvidia/neva-22b,https://api.xinjianya.top/v1,,,,,CONN_FAIL,2026-04-21T00:41:20.683417
xinjianya,英伟达/nvidia/nvclip,https://api.xinjianya.top/v1,,,,,CONN_FAIL,2026-04-21T00:41:20.683428
xinjianya,英伟达/nvidia/nvidia-nemotron-nano-9b-v2,https://api.xinjianya.top/v1,,,,,CONN_FAIL,2026-04-21T00:41:20.683438
xinjianya,英伟达/nvidia/riva-translate-4b-instruct,https://api.xinjianya.top/v1,,,,,CONN_FAIL,2026-04-21T00:41:20.683448
xinjianya,英伟达/nvidia/vila,https://api.xinjianya.top/v1,,,,,CONN_FAIL,2026-04-21T00:41:20.683459
xinjianya,英伟达/openai/gpt-oss-120b,https://api.xinjianya.top/v1,,,,,CONN_FAIL,2026-04-21T00:41:20.683469
xinjianya,英伟达/openai/gpt-oss-20b,https://api.xinjianya.top/v1,,,,,CONN_FAIL,2026-04-21T00:41:20.683479
xinjianya,英伟达/opengpt-x/teuken-7b-instruct-commercial-v0.4,https://api.xinjianya.top/v1,,,,,CONN_FAIL,2026-04-21T00:41:20.683491
xinjianya,英伟达/qwen/qwen2-7b-instruct,https://api.xinjianya.top/v1,,,,,CONN_FAIL,2026-04-21T00:41:20.683502
xinjianya,英伟达/qwen/qwen2.5-7b-instruct,https://api.xinjianya.top/v1,,,,,CONN_FAIL,2026-04-21T00:41:20.683512
xinjianya,英伟达/qwen/qwen2.5-coder-32b-instruct,https://api.xinjianya.top/v1,,,,,CONN_FAIL,2026-04-21T00:41:20.683523
xinjianya,英伟达/qwen/qwen2.5-coder-7b-instruct,https://api.xinjianya.top/v1,,,,,CONN_FAIL,2026-04-21T00:41:20.683533
xinjianya,英伟达/qwen/qwen3-coder-480b-a35b-instruct,https://api.xinjianya.top/v1,,,,,CONN_FAIL,2026-04-21T00:41:20.683543
xinjianya,英伟达/qwen/qwen3-next-80b-a3b-instruct,https://api.xinjianya.top/v1,,,,,CONN_FAIL,2026-04-21T00:41:20.683553
xinjianya,英伟达/qwen/qwen3-next-80b-a3b-thinking,https://api.xinjianya.top/v1,,,,,CONN_FAIL,2026-04-21T00:41:20.683563
xinjianya,英伟达/qwen/qwen3.5-122b-a10b,https://api.xinjianya.top/v1,,,,,CONN_FAIL,2026-04-21T00:41:20.683573
xinjianya,英伟达/qwen/qwen3.5-397b-a17b,https://api.xinjianya.top/v1,,,,,CONN_FAIL,2026-04-21T00:41:20.683583
xinjianya,英伟达/qwen/qwq-32b,https://api.xinjianya.top/v1,,,,,CONN_FAIL,2026-04-21T00:41:20.683593
xinjianya,英伟达/rakuten/rakutenai-7b-chat,https://api.xinjianya.top/v1,,,,,CONN_FAIL,2026-04-21T00:41:20.683604
xinjianya,英伟达/rakuten/rakutenai-7b-instruct,https://api.xinjianya.top/v1,,,,,CONN_FAIL,2026-04-21T00:41:20.683614
xinjianya,英伟达/sarvamai/sarvam-m,https://api.xinjianya.top/v1,,,,,CONN_FAIL,2026-04-21T00:41:20.683624
xinjianya,英伟达/speakleash/bielik-11b-v2.3-instruct,https://api.xinjianya.top/v1,,,,,CONN_FAIL,2026-04-21T00:41:20.683634
xinjianya,英伟达/speakleash/bielik-11b-v2.6-instruct,https://api.xinjianya.top/v1,,,,,CONN_FAIL,2026-04-21T00:41:20.683645
xinjianya,英伟达/stepfun-ai/step-3.5-flash,https://api.xinjianya.top/v1,,,,,CONN_FAIL,2026-04-21T00:41:20.683655
xinjianya,英伟达/stockmark/stockmark-2-100b-instruct,https://api.xinjianya.top/v1,,,,,CONN_FAIL,2026-04-21T00:41:20.683665
xinjianya,英伟达/thudm/chatglm3-6b,https://api.xinjianya.top/v1,,,,,CONN_FAIL,2026-04-21T00:41:20.683677
xinjianya,英伟达/tiiuae/falcon3-7b-instruct,https://api.xinjianya.top/v1,,,,,CONN_FAIL,2026-04-21T00:41:20.683687
xinjianya,英伟达/tokyotech-llm/llama-3-swallow-70b-instruct-v0.1,https://api.xinjianya.top/v1,,,,,CONN_FAIL,2026-04-21T00:41:20.683697
xinjianya,英伟达/upstage/solar-10.7b-instruct,https://api.xinjianya.top/v1,,,,,CONN_FAIL,2026-04-21T00:41:20.683707
xinjianya,英伟达/utter-project/eurollm-9b-instruct,https://api.xinjianya.top/v1,,,,,CONN_FAIL,2026-04-21T00:41:20.683717
xinjianya,英伟达/writer/palmyra-creative-122b,https://api.xinjianya.top/v1,,,,,CONN_FAIL,2026-04-21T00:41:20.683726
xinjianya,英伟达/writer/palmyra-fin-70b-32k,https://api.xinjianya.top/v1,,,,,CONN_FAIL,2026-04-21T00:41:20.683736
xinjianya,英伟达/writer/palmyra-med-70b,https://api.xinjianya.top/v1,,,,,CONN_FAIL,2026-04-21T00:41:20.683746
xinjianya,英伟达/writer/palmyra-med-70b-32k,https://api.xinjianya.top/v1,,,,,CONN_FAIL,2026-04-21T00:41:20.683756
xinjianya,英伟达/yentinglin/llama-3-taiwan-70b-instruct,https://api.xinjianya.top/v1,,,,,CONN_FAIL,2026-04-21T00:41:20.683767
xinjianya,英伟达/z-ai/glm4.7,https://api.xinjianya.top/v1,,,,,CONN_FAIL,2026-04-21T00:41:20.683777
xinjianya,英伟达/z-ai/glm5,https://api.xinjianya.top/v1,,,,,CONN_FAIL,2026-04-21T00:41:20.683787
xinjianya,英伟达/zyphra/zamba2-7b-instruct,https://api.xinjianya.top/v1,,,,,CONN_FAIL,2026-04-21T00:41:20.683797
supacoder,gpt-5.2-xhigh,https://supacoder.top/v1,,,,,CONN_FAIL,2026-04-21T00:41:20.683810
supacoder,gpt-5.1-minimal,https://supacoder.top/v1,,,,,CONN_FAIL,2026-04-21T00:41:20.683821
supacoder,gpt-5.4,https://supacoder.top/v1,,,,,CONN_FAIL,2026-04-21T00:41:20.683831
supacoder,gemini-2.5-flash-thinking,https://supacoder.top/v1,,,,,CONN_FAIL,2026-04-21T00:41:20.683841
supacoder,gpt-5.3-codex,https://supacoder.top/v1,,,,,CONN_FAIL,2026-04-21T00:41:20.683852
supacoder,gpt-5-codex-high,https://supacoder.top/v1,,,,,CONN_FAIL,2026-04-21T00:41:20.683862
supacoder,gpt-5.3-codex-xhigh,https://supacoder.top/v1,,,,,CONN_FAIL,2026-04-21T00:41:20.683872
supacoder,gpt-5.3-codex-low,https://supacoder.top/v1,,,,,CONN_FAIL,2026-04-21T00:41:20.683882
supacoder,claude-sonnet-4-6-20260217-thinking,https://supacoder.top/v1,,,,,CONN_FAIL,2026-04-21T00:41:20.683891
supacoder,gpt-5,https://supacoder.top/v1,,,,,CONN_FAIL,2026-04-21T00:41:20.683901
supacoder,gpt-5.2-low,https://supacoder.top/v1,,,,,CONN_FAIL,2026-04-21T00:41:20.683911
supacoder,gpt-5.1-codex-max-xhigh,https://supacoder.top/v1,,,,,CONN_FAIL,2026-04-21T00:41:20.683920
supacoder,gpt-5-codex,https://supacoder.top/v1,,,,,CONN_FAIL,2026-04-21T00:41:20.683930
supacoder,gemini-3.1-pro-preview,https://supacoder.top/v1,,,,,CONN_FAIL,2026-04-21T00:41:20.683940
supacoder,claude-opus-4-6-20260205,https://supacoder.top/v1,,,,,CONN_FAIL,2026-04-21T00:41:20.683950
supacoder,kimi-k2.5,https://supacoder.top/v1,,,,,CONN_FAIL,2026-04-21T00:41:20.683960
supacoder,gpt-5.1-medium,https://supacoder.top/v1,,,,,CONN_FAIL,2026-04-21T00:41:20.683969
supacoder,gpt-5.3-codex-high,https://supacoder.top/v1,,,,,CONN_FAIL,2026-04-21T00:41:20.683979
supacoder,gpt-5.1-codex-mini-high,https://supacoder.top/v1,,,,,CONN_FAIL,2026-04-21T00:41:20.683988
supacoder,gpt-5.2-codex,https://supacoder.top/v1,,,,,CONN_FAIL,2026-04-21T00:41:20.683998
supacoder,qwen3-max,https://supacoder.top/v1,,,,,CONN_FAIL,2026-04-21T00:41:20.684008
supacoder,gemini-3-pro-preview,https://supacoder.top/v1,,,,,CONN_FAIL,2026-04-21T00:41:20.684018
supacoder,gpt-5.1-codex-mini,https://supacoder.top/v1,,,,,CONN_FAIL,2026-04-21T00:41:20.684027
supacoder,gpt-5.4-codex-xhigh,https://supacoder.top/v1,,,,,CONN_FAIL,2026-04-21T00:41:20.684041
supacoder,gpt-5.1-codex-max,https://supacoder.top/v1,,,,,CONN_FAIL,2026-04-21T00:41:20.684051
supacoder,gpt-5.3-codex-spark-xhigh,https://supacoder.top/v1,,,,,CONN_FAIL,2026-04-21T00:41:20.684062
supacoder,claude-opus-4-6-20260205-thinking,https://supacoder.top/v1,,,,,CONN_FAIL,2026-04-21T00:41:20.684072
supacoder,gpt-5.2-medium,https://supacoder.top/v1,,,,,CONN_FAIL,2026-04-21T00:41:20.684082
supacoder,gemini-2.5-pro,https://supacoder.top/v1,,,,,CONN_FAIL,2026-04-21T00:41:20.684092
supacoder,gpt-5.1-codex-max-low,https://supacoder.top/v1,,,,,CONN_FAIL,2026-04-21T00:41:20.684102
supacoder,gpt-5.1-codex-high,https://supacoder.top/v1,,,,,CONN_FAIL,2026-04-21T00:41:20.684112
supacoder,gpt-5.1-codex-low,https://supacoder.top/v1,,,,,CONN_FAIL,2026-04-21T00:41:20.684122
supacoder,gpt-5-low,https://supacoder.top/v1,,,,,CONN_FAIL,2026-04-21T00:41:20.684132
supacoder,gemini-2.5-pro-thinking,https://supacoder.top/v1,,,,,CONN_FAIL,2026-04-21T00:41:20.684142
supacoder,gpt-5.3-codex-spark,https://supacoder.top/v1,,,,,CONN_FAIL,2026-04-21T00:41:20.684152
supacoder,claude-sonnet-4-5-20250929,https://supacoder.top/v1,,,,,CONN_FAIL,2026-04-21T00:41:20.684162
kilo,stepfun/step-3.5-flash:free,https://api.kilo.ai/api/gateway,,,,,CONN_FAIL,2026-04-21T00:41:20.684175
kilo,arcee-ai/trinity-large-preview:free,https://api.kilo.ai/api/gateway,,,,,CONN_FAIL,2026-04-21T00:41:20.684185
kilo,arcee-ai/trinity-large-thinking:free,https://api.kilo.ai/api/gateway,,,,,CONN_FAIL,2026-04-21T00:41:20.684195
kilo,bytedance-seed/dola-seed-2.0-pro:free,https://api.kilo.ai/api/gateway,,,,,CONN_FAIL,2026-04-21T00:41:20.684205
kilo,kilo-auto/frontier,https://api.kilo.ai/api/gateway,,,,,CONN_FAIL,2026-04-21T00:41:20.684216
kilo,anthropic/claude-opus-4.6,https://api.kilo.ai/api/gateway,,,,,CONN_FAIL,2026-04-21T00:41:20.684226
kilo,anthropic/claude-sonnet-4.6,https://api.kilo.ai/api/gateway,,,,,CONN_FAIL,2026-04-21T00:41:20.684236
kilo,moonshotai/kimi-k2.5,https://api.kilo.ai/api/gateway,,,,,CONN_FAIL,2026-04-21T00:41:20.684246
kilo,google/gemini-3.1-pro-preview,https://api.kilo.ai/api/gateway,,,,,CONN_FAIL,2026-04-21T00:41:20.684256
kilocloud,anthropic/claude-sonnet-4-20250514,https://api.kilocloud.ai/v1,,,,,CONN_FAIL,2026-04-21T00:41:20.684267
kilocloud,auto-frontier,https://api.kilocloud.ai/v1,,,,,CONN_FAIL,2026-04-21T00:41:20.684279
kilocloud,auto-balanced,https://api.kilocloud.ai/v1,,,,,CONN_FAIL,2026-04-21T00:41:20.684289
kilocloud,auto-free,https://api.kilocloud.ai/v1,,,,,CONN_FAIL,2026-04-21T00:41:20.684302
kilocloud,auto-small,https://api.kilocloud.ai/v1,,,,,CONN_FAIL,2026-04-21T00:41:20.684312
kilocloud,claude-opus-4.6,https://api.kilocloud.ai/v1,,,,,CONN_FAIL,2026-04-21T00:41:20.684322
kilocloud,claude-sonnet-4.6,https://api.kilocloud.ai/v1,,,,,CONN_FAIL,2026-04-21T00:41:20.684331
kilocloud,claude-opus-4.5,https://api.kilocloud.ai/v1,,,,,CONN_FAIL,2026-04-21T00:41:20.684355
kilocloud,gpt-5.4,https://api.kilocloud.ai/v1,,,,,CONN_FAIL,2026-04-21T00:41:20.684366
kilocloud,gpt-5.4-nano,https://api.kilocloud.ai/v1,,,,,CONN_FAIL,2026-04-21T00:41:20.684376
kilocloud,gpt-5.4-mini,https://api.kilocloud.ai/v1,,,,,CONN_FAIL,2026-04-21T00:41:20.684386
kilocloud,gpt-5.4-pro,https://api.kilocloud.ai/v1,,,,,CONN_FAIL,2026-04-21T00:41:20.684396
kilocloud,gpt-5.3-chat,https://api.kilocloud.ai/v1,,,,,CONN_FAIL,2026-04-21T00:41:20.684405
kilocloud,gpt-5.3-codex,https://api.kilocloud.ai/v1,,,,,CONN_FAIL,2026-04-21T00:41:20.684414
kilocloud,gpt-5.2-codex,https://api.kilocloud.ai/v1,,,,,CONN_FAIL,2026-04-21T00:41:20.684424
kilocloud,gpt-5.2-chat,https://api.kilocloud.ai/v1,,,,,CONN_FAIL,2026-04-21T00:41:20.684434
kilocloud,gpt-5.2-pro,https://api.kilocloud.ai/v1,,,,,CONN_FAIL,2026-04-21T00:41:20.684444
kilocloud,gpt-5.2,https://api.kilocloud.ai/v1,,,,,CONN_FAIL,2026-04-21T00:41:20.684454
kilocloud,gpt-5.1-codex-max,https://api.kilocloud.ai/v1,,,,,CONN_FAIL,2026-04-21T00:41:20.684463
kilocloud,gpt-5.1-codex,https://api.kilocloud.ai/v1,,,,,CONN_FAIL,2026-04-21T00:41:20.684473
kilocloud,gpt-5.1-codex-mini,https://api.kilocloud.ai/v1,,,,,CONN_FAIL,2026-04-21T00:41:20.684483
kilocloud,gpt-5.1,https://api.kilocloud.ai/v1,,,,,CONN_FAIL,2026-04-21T00:41:20.684492
kilocloud,gpt-5.1-chat,https://api.kilocloud.ai/v1,,,,,CONN_FAIL,2026-04-21T00:41:20.684502
kilocloud,gemini-3.1-pro-preview,https://api.kilocloud.ai/v1,,,,,CONN_FAIL,2026-04-21T00:41:20.684511
kilocloud,gemini-3.1-pro-preview-customtools,https://api.kilocloud.ai/v1,,,,,CONN_FAIL,2026-04-21T00:41:20.684521
kilocloud,gemini-3.1-flash-lite-preview,https://api.kilocloud.ai/v1,,,,,CONN_FAIL,2026-04-21T00:41:20.684532
kilocloud,gemini-3-flash-preview,https://api.kilocloud.ai/v1,,,,,CONN_FAIL,2026-04-21T00:41:20.684541
kilocloud,lyria-3-pro-preview,https://api.kilocloud.ai/v1,,,,,CONN_FAIL,2026-04-21T00:41:20.684551
kilocloud,lyria-3-clip-preview,https://api.kilocloud.ai/v1,,,,,CONN_FAIL,2026-04-21T00:41:20.684561
kilocloud,deepseek-v3.2,https://api.kilocloud.ai/v1,,,,,CONN_FAIL,2026-04-21T00:41:20.684571
kilocloud,deepseek-v3.2-speciale,https://api.kilocloud.ai/v1,,,,,CONN_FAIL,2026-04-21T00:41:20.684580
kilocloud,kimi-k2.5,https://api.kilocloud.ai/v1,,,,,CONN_FAIL,2026-04-21T00:41:20.684590
kilocloud,kimi-k2-thinking,https://api.kilocloud.ai/v1,,,,,CONN_FAIL,2026-04-21T00:41:20.684600
kilocloud,glm-5,https://api.kilocloud.ai/v1,,,,,CONN_FAIL,2026-04-21T00:41:20.684610
kilocloud,glm-5-turbo,https://api.kilocloud.ai/v1,,,,,CONN_FAIL,2026-04-21T00:41:20.684620
kilocloud,glm-4.7,https://api.kilocloud.ai/v1,,,,,CONN_FAIL,2026-04-21T00:41:20.684630
kilocloud,glm-4.7-flash,https://api.kilocloud.ai/v1,,,,,CONN_FAIL,2026-04-21T00:41:20.684639
kilocloud,glm-4.6v,https://api.kilocloud.ai/v1,,,,,CONN_FAIL,2026-04-21T00:41:20.684649
kilocloud,grok-4.20,https://api.kilocloud.ai/v1,,,,,CONN_FAIL,2026-04-21T00:41:20.684658
kilocloud,grok-4.20-multi-agent,https://api.kilocloud.ai/v1,,,,,CONN_FAIL,2026-04-21T00:41:20.684668
kilocloud,grok-4.1-fast,https://api.kilocloud.ai/v1,,,,,CONN_FAIL,2026-04-21T00:41:20.684678
kilocloud,minimax-m2.7,https://api.kilocloud.ai/v1,,,,,CONN_FAIL,2026-04-21T00:41:20.684687
kilocloud,minimax-m2.5,https://api.kilocloud.ai/v1,,,,,CONN_FAIL,2026-04-21T00:41:20.684697
kilocloud,minimax-m2-her,https://api.kilocloud.ai/v1,,,,,CONN_FAIL,2026-04-21T00:41:20.684707
kilocloud,minimax-m2.1,https://api.kilocloud.ai/v1,,,,,CONN_FAIL,2026-04-21T00:41:20.684716
kilocloud,qwen3-max-thinking,https://api.kilocloud.ai/v1,,,,,CONN_FAIL,2026-04-21T00:41:20.684727
kilocloud,qwen3-coder-next,https://api.kilocloud.ai/v1,,,,,CONN_FAIL,2026-04-21T00:41:20.684737
kilocloud,qwen3.5-9b,https://api.kilocloud.ai/v1,,,,,CONN_FAIL,2026-04-21T00:41:20.684747
kilocloud,qwen3.5-27b,https://api.kilocloud.ai/v1,,,,,CONN_FAIL,2026-04-21T00:41:20.684756
kilocloud,qwen3.5-35b-a3b,https://api.kilocloud.ai/v1,,,,,CONN_FAIL,2026-04-21T00:41:20.684766
kilocloud,qwen3.5-122b-a10b,https://api.kilocloud.ai/v1,,,,,CONN_FAIL,2026-04-21T00:41:20.684776
kilocloud,qwen3.5-397b-a17b,https://api.kilocloud.ai/v1,,,,,CONN_FAIL,2026-04-21T00:41:20.684786
kilocloud,qwen3.5-plus-02-15,https://api.kilocloud.ai/v1,,,,,CONN_FAIL,2026-04-21T00:41:20.684796
kilocloud,qwen3.5-flash-02-23,https://api.kilocloud.ai/v1,,,,,CONN_FAIL,2026-04-21T00:41:20.684806
kilocloud,mistral-large-2512,https://api.kilocloud.ai/v1,,,,,CONN_FAIL,2026-04-21T00:41:20.684815
kilocloud,mistral-small-2603,https://api.kilocloud.ai/v1,,,,,CONN_FAIL,2026-04-21T00:41:20.684825
kilocloud,mistral-small-creative,https://api.kilocloud.ai/v1,,,,,CONN_FAIL,2026-04-21T00:41:20.684834
kilocloud,devstral-2512,https://api.kilocloud.ai/v1,,,,,CONN_FAIL,2026-04-21T00:41:20.684844
kilocloud,ministral-14b-2512,https://api.kilocloud.ai/v1,,,,,CONN_FAIL,2026-04-21T00:41:20.684854
kilocloud,ministral-8b-2512,https://api.kilocloud.ai/v1,,,,,CONN_FAIL,2026-04-21T00:41:20.684863
kilocloud,ministral-3b-2512,https://api.kilocloud.ai/v1,,,,,CONN_FAIL,2026-04-21T00:41:20.684873
kilocloud,seed-2.0-lite,https://api.kilocloud.ai/v1,,,,,CONN_FAIL,2026-04-21T00:41:20.684883
kilocloud,seed-2.0-mini,https://api.kilocloud.ai/v1,,,,,CONN_FAIL,2026-04-21T00:41:20.684892
kilocloud,seed-1.6-flash,https://api.kilocloud.ai/v1,,,,,CONN_FAIL,2026-04-21T00:41:20.684902
kilocloud,seed-1.6,https://api.kilocloud.ai/v1,,,,,CONN_FAIL,2026-04-21T00:41:20.684911
kilocloud,mimo-v2-pro,https://api.kilocloud.ai/v1,,,,,CONN_FAIL,2026-04-21T00:41:20.684921
kilocloud,mimo-v2-flash,https://api.kilocloud.ai/v1,,,,,CONN_FAIL,2026-04-21T00:41:20.684930
kilocloud,kat-coder-pro-v2,https://api.kilocloud.ai/v1,,,,,CONN_FAIL,2026-04-21T00:41:20.684940
kilocloud,step-3.5-flash,https://api.kilocloud.ai/v1,,,,,CONN_FAIL,2026-04-21T00:41:20.684950
kilocloud,nemotron-3-super-120b-a12b,https://api.kilocloud.ai/v1,,,,,CONN_FAIL,2026-04-21T00:41:20.684960
kilocloud,nemotron-3-nano-30b-a3b,https://api.kilocloud.ai/v1,,,,,CONN_FAIL,2026-04-21T00:41:20.684970
kilocloud,trinity-large-thinking,https://api.kilocloud.ai/v1,,,,,CONN_FAIL,2026-04-21T00:41:20.684979
kilocloud,trinity-large-preview,https://api.kilocloud.ai/v1,,,,,CONN_FAIL,2026-04-21T00:41:20.684989
kilocloud,trinity-mini,https://api.kilocloud.ai/v1,,,,,CONN_FAIL,2026-04-21T00:41:20.684998
kilocloud,mercury-2,https://api.kilocloud.ai/v1,,,,,CONN_FAIL,2026-04-21T00:41:20.685008
kilocloud,aion-2.0,https://api.kilocloud.ai/v1,,,,,CONN_FAIL,2026-04-21T00:41:20.685017
kilocloud,intellect-3,https://api.kilocloud.ai/v1,,,,,CONN_FAIL,2026-04-21T00:41:20.685027
kilocloud,cogito-v2.1-671b,https://api.kilocloud.ai/v1,,,,,CONN_FAIL,2026-04-21T00:41:20.685037
kilocloud,olmo-3.1-32b-instruct,https://api.kilocloud.ai/v1,,,,,CONN_FAIL,2026-04-21T00:41:20.685046
kilocloud,olmo-3.1-32b-think,https://api.kilocloud.ai/v1,,,,,CONN_FAIL,2026-04-21T00:41:20.685056
kilocloud,olmo-3-32b-think,https://api.kilocloud.ai/v1,,,,,CONN_FAIL,2026-04-21T00:41:20.685065
kilocloud,lfm-2-24b-a2b,https://api.kilocloud.ai/v1,,,,,CONN_FAIL,2026-04-21T00:41:20.685075
kilocloud,rnj-1-instruct,https://api.kilocloud.ai/v1,,,,,CONN_FAIL,2026-04-21T00:41:20.685084
kilocloud,solar-pro-3,https://api.kilocloud.ai/v1,,,,,CONN_FAIL,2026-04-21T00:41:20.685094
kilocloud,reka-edge,https://api.kilocloud.ai/v1,,,,,CONN_FAIL,2026-04-21T00:41:20.685123
kilocloud,nova-2-lite-v1,https://api.kilocloud.ai/v1,,,,,CONN_FAIL,2026-04-21T00:41:20.685135
kilocloud,deepseek-v3.1-nex-n1,https://api.kilocloud.ai/v1,,,,,CONN_FAIL,2026-04-21T00:41:20.685145
kilocloud,openrouter-free,https://api.kilocloud.ai/v1,,,,,CONN_FAIL,2026-04-21T00:41:20.685155
kilocloud,openrouter-bodybuilder,https://api.kilocloud.ai/v1,,,,,CONN_FAIL,2026-04-21T00:41:20.685166
kilocloud,palmyra-x5,https://api.kilocloud.ai/v1,,,,,CONN_FAIL,2026-04-21T00:41:20.685176
cliproxyapi,gemini-3.1-pro-preview,http://127.0.0.1:8317,,,,,CONN_FAIL,2026-04-21T00:41:20.685186
cliproxyapi,gemini-3-pro-preview,http://127.0.0.1:8317,,,,,CONN_FAIL,2026-04-21T00:41:20.685196
cliproxyapi,gemini-3.1-pro-low,http://127.0.0.1:8317,,,,,CONN_FAIL,2026-04-21T00:41:20.685206
cliproxyapi,gemini-3.1-pro-high,http://127.0.0.1:8317,,,,,CONN_FAIL,2026-04-21T00:41:20.685215
cliproxyapi,gemini-3-pro-low,http://127.0.0.1:8317,,,,,CONN_FAIL,2026-04-21T00:41:20.685225
cliproxyapi,gemini-3-pro-high,http://127.0.0.1:8317,,,,,CONN_FAIL,2026-04-21T00:41:20.685235
cliproxyapi,gemini-3-flash,http://127.0.0.1:8317,,,,,CONN_FAIL,2026-04-21T00:41:20.685244
cliproxyapi,gemini-3-flash-preview,http://127.0.0.1:8317,,,,,CONN_FAIL,2026-04-21T00:41:20.685254
cliproxyapi,gemini-3.1-flash-lite-preview,http://127.0.0.1:8317,,,,,CONN_FAIL,2026-04-21T00:41:20.685264
cliproxyapi,gemini-2.5-flash,http://127.0.0.1:8317,,,,,CONN_FAIL,2026-04-21T00:41:20.685273
cliproxyapi,gemini-2.5-flash-lite,http://127.0.0.1:8317,,,,,CONN_FAIL,2026-04-21T00:41:20.685283
cliproxyapi,gpt-oss-120b-medium,http://127.0.0.1:8317,,,,,CONN_FAIL,2026-04-21T00:41:20.685292
cliproxyapi,coder-model,http://127.0.0.1:8317,,,,,CONN_FAIL,2026-04-21T00:41:20.685302
zenllm,gpt-5.2-codex,https://zenllm.org/v1,,,,,CONN_FAIL,2026-04-21T00:41:20.685312
zenllm,gpt-5.4-mini,https://zenllm.org/v1,,,,,CONN_FAIL,2026-04-21T00:41:20.685337
swiftrouter,glm-5.1,https://api.swiftrouter.com/v1,,,,,CONN_FAIL,2026-04-21T00:41:20.685349
swiftrouter,glm-5,https://api.swiftrouter.com/v1,,,,,CONN_FAIL,2026-04-21T00:41:20.685360
swiftrouter,glm-4.7,https://api.swiftrouter.com/v1,,,,,CONN_FAIL,2026-04-21T00:41:20.685369
swiftrouter,glm-4.7-flash,https://api.swiftrouter.com/v1,,,,,CONN_FAIL,2026-04-21T00:41:20.685381
swiftrouter,qwen3.6-plus,https://api.swiftrouter.com/v1,,,,,CONN_FAIL,2026-04-21T00:41:20.685392
swiftrouter,deepseek-v3.2,https://api.swiftrouter.com/v1,,,,,CONN_FAIL,2026-04-21T00:41:20.685403
swiftrouter,kimi-k2.5,https://api.swiftrouter.com/v1,,,,,CONN_FAIL,2026-04-21T00:41:20.685413
swiftrouter,gpt-5.4-mini,https://api.swiftrouter.com/v1,,,,,CONN_FAIL,2026-04-21T00:41:20.685423
bluesminds,gpt-4o-mini,https://api.bluesminds.com/v1,,,,,CONN_FAIL,2026-04-21T00:41:20.685434
bluesminds,azure-gpt4o,https://api.bluesminds.com/v1,,,,,CONN_FAIL,2026-04-21T00:41:20.685444
bluesminds,gemini/gemini-2.5-flash,https://api.bluesminds.com/v1,,,,,CONN_FAIL,2026-04-21T00:41:20.685454
bluesminds,gemini/gemini-2.5-flash-lite,https://api.bluesminds.com/v1,,,,,CONN_FAIL,2026-04-21T00:41:20.685464
bluesminds,groq/qwen/qwen3-32b,https://api.bluesminds.com/v1,,,,,CONN_FAIL,2026-04-21T00:41:20.685474
bluesminds,gpt-4o,https://api.bluesminds.com/v1,,,,,CONN_FAIL,2026-04-21T00:41:20.685484
bluesminds,gpt4,https://api.bluesminds.com/v1,,,,,CONN_FAIL,2026-04-21T00:41:20.685494
bluesminds,openai/gpt-oss-20b,https://api.bluesminds.com/v1,,,,,CONN_FAIL,2026-04-21T00:41:20.685504
bluesminds,openai/gpt-4.1-mini,https://api.bluesminds.com/v1,,,,,CONN_FAIL,2026-04-21T00:41:20.685514
bluesminds,o3-mini,https://api.bluesminds.com/v1,,,,,CONN_FAIL,2026-04-21T00:41:20.685524
bluesminds,o4-mini,https://api.bluesminds.com/v1,,,,,CONN_FAIL,2026-04-21T00:41:20.685534
bluesminds,qwen-coder,https://api.bluesminds.com/v1,,,,,CONN_FAIL,2026-04-21T00:41:20.685545
bluesminds,qwen3.5-plus,https://api.bluesminds.com/v1,,,,,CONN_FAIL,2026-04-21T00:41:20.685555
bluesminds,google/codegemma-1.1-7b,https://api.bluesminds.com/v1,,,,,CONN_FAIL,2026-04-21T00:41:20.685565
bluesminds,google/gemma-4-31b-it,https://api.bluesminds.com/v1,,,,,CONN_FAIL,2026-04-21T00:41:20.685575
bluesminds,nvidia/vila,https://api.bluesminds.com/v1,,,,,CONN_FAIL,2026-04-21T00:41:20.685584
bluesminds,opengpt-x/teuken-7b-instruct-commercial-v0.4,https://api.bluesminds.com/v1,,,,,CONN_FAIL,2026-04-21T00:41:20.685595
bluesminds,openrouter/mistralai/ministral-8b-2512,https://api.bluesminds.com/v1,,,,,CONN_FAIL,2026-04-21T00:41:20.685606
bluesminds,qwen-qwen3-coder-480b-a35b-instruct,https://api.bluesminds.com/v1,,,,,CONN_FAIL,2026-04-21T00:41:20.685616
hapuppy,chatgpt-4o-latest,https://beta.hapuppy.com/v1,,,,,CONN_FAIL,2026-04-21T00:41:20.685628
hapuppy,claude-3-5-haiku-20241022,https://beta.hapuppy.com/v1,,,,,CONN_FAIL,2026-04-21T00:41:20.685639
hapuppy,claude-haiku-4-5-20251001,https://beta.hapuppy.com/v1,,,,,CONN_FAIL,2026-04-21T00:41:20.685648
hapuppy,gpt-5-nano,https://beta.hapuppy.com/v1,,,,,CONN_FAIL,2026-04-21T00:41:20.685658
hapuppy,gpt-5.1-codex-mini,https://beta.hapuppy.com/v1,,,,,CONN_FAIL,2026-04-21T00:41:20.685668
hapuppy,gpt-5.2-chat-latest,https://beta.hapuppy.com/v1,,,,,CONN_FAIL,2026-04-21T00:41:20.685681
hapuppy,gpt-5.3-chat-latest,https://beta.hapuppy.com/v1,,,,,CONN_FAIL,2026-04-21T00:41:20.685691
hapuppy,gpt-5.4-nano,https://beta.hapuppy.com/v1,,,,,CONN_FAIL,2026-04-21T00:41:20.685700
hapuppy,kimi-k2-instruct,https://beta.hapuppy.com/v1,,,,,CONN_FAIL,2026-04-21T00:41:20.685710
hapuppy,magistral-medium-latest,https://beta.hapuppy.com/v1,,,,,CONN_FAIL,2026-04-21T00:41:20.685720
hapuppy,magistral-small-latest,https://beta.hapuppy.com/v1,,,,,CONN_FAIL,2026-04-21T00:41:20.685729
hapuppy,mimo-v2-flash,https://beta.hapuppy.com/v1,,,,,CONN_FAIL,2026-04-21T00:41:20.685739
hapuppy,ministral-3b-latest,https://beta.hapuppy.com/v1,,,,,CONN_FAIL,2026-04-21T00:41:20.685748
hapuppy,ministral-8b-latest,https://beta.hapuppy.com/v1,,,,,CONN_FAIL,2026-04-21T00:41:20.685758
hapuppy,mistral-large-latest,https://beta.hapuppy.com/v1,,,,,CONN_FAIL,2026-04-21T00:41:20.685768
hapuppy,mistral-medium-latest,https://beta.hapuppy.com/v1,,,,,CONN_FAIL,2026-04-21T00:41:20.685778
hapuppy,mistral-small-latest,https://beta.hapuppy.com/v1,,,,,CONN_FAIL,2026-04-21T00:41:20.685787
hapuppy,o4-mini,https://beta.hapuppy.com/v1,,,,,CONN_FAIL,2026-04-21T00:41:20.685797
hapuppy,r1-1776,https://beta.hapuppy.com/v1,,,,,CONN_FAIL,2026-04-21T00:41:20.685806
hapuppy,gpt-oss-120b,https://beta.hapuppy.com/v1,,,,,CONN_FAIL,2026-04-21T00:41:20.685816
custom,coding-smart,http://40.233.101.233:8000/v1,,,,,CONN_FAIL,2026-04-21T00:41:20.685826
custom,coding-fast,http://40.233.101.233:8000/v1,,,,,CONN_FAIL,2026-04-21T00:41:20.685835
aitools,qwen-qwen2.5-vl-32b,https://platform.aitools.cfd/api/v1,,,,,CONN_FAIL,2026-04-21T00:41:20.685845
aitools,qwen-qwen2.5-72b,https://platform.aitools.cfd/api/v1,,,,,CONN_FAIL,2026-04-21T00:41:20.685855
ktai-paid,mistral-large,https://ktai.koyeb.app/v1,,,,,CONN_FAIL,2026-04-21T00:41:20.685865
ktai-paid,mistral-large-2-instruct,https://ktai.koyeb.app/v1,,,,,CONN_FAIL,2026-04-21T00:41:20.685875
ktai-paid,mistral-large-3-675b-instruct,https://ktai.koyeb.app/v1,,,,,CONN_FAIL,2026-04-21T00:41:20.685884
ktai-paid,mistral-small-24b-instruct,https://ktai.koyeb.app/v1,,,,,CONN_FAIL,2026-04-21T00:41:20.685894
ktai-paid,mistral-small-3.1-24b-instruct,https://ktai.koyeb.app/v1,,,,,CONN_FAIL,2026-04-21T00:41:20.685904
ktai-paid,kimi-k2.5,https://ktai.koyeb.app/v1,,,,,CONN_FAIL,2026-04-21T00:41:20.685914
ktai-paid,kimi-k2-instruct,https://ktai.koyeb.app/v1,,,,,CONN_FAIL,2026-04-21T00:41:20.685923
ktai-paid,kimi-k2-instruct-0905,https://ktai.koyeb.app/v1,,,,,CONN_FAIL,2026-04-21T00:41:20.685933
ktai-paid,kimi-k2-thinking,https://ktai.koyeb.app/v1,,,,,CONN_FAIL,2026-04-21T00:41:20.685943
ktai-paid,gpt-oss-120b,https://ktai.koyeb.app/v1,,,,,CONN_FAIL,2026-04-21T00:41:20.685952
ktai-paid,gpt-oss-20b,https://ktai.koyeb.app/v1,,,,,CONN_FAIL,2026-04-21T00:41:20.685962
ktai-paid,qwen2.5-coder-32b-instruct,https://ktai.koyeb.app/v1,,,,,CONN_FAIL,2026-04-21T00:41:20.685972
ktai-paid,qwen3-235b-a22b,https://ktai.koyeb.app/v1,,,,,CONN_FAIL,2026-04-21T00:41:20.685982
ktai-paid,qwen3.5-397b-a17b,https://ktai.koyeb.app/v1,,,,,CONN_FAIL,2026-04-21T00:41:20.685992
ktai-paid,qwen3-coder-480b-a35b-instruct,https://ktai.koyeb.app/v1,,,,,CONN_FAIL,2026-04-21T00:41:20.686002
ktai-paid,qwen3-next-80b-a3b-instruct,https://ktai.koyeb.app/v1,,,,,CONN_FAIL,2026-04-21T00:41:20.686012
ktai-paid,qwen3-next-80b-a3b-thinking,https://ktai.koyeb.app/v1,,,,,CONN_FAIL,2026-04-21T00:41:20.686023
ktai-paid,qwq-32b,https://ktai.koyeb.app/v1,,,,,CONN_FAIL,2026-04-21T00:41:20.686032
ktai-paid,z-ai-glm4.7,https://ktai.koyeb.app/v1,,,,,CONN_FAIL,2026-04-21T00:41:20.686042
ktai-paid,z-ai-glm5,https://ktai.koyeb.app/v1,,,,,CONN_FAIL,2026-04-21T00:41:20.686051
ktai-paid,zai-glm-4.5-flash,https://ktai.koyeb.app/v1,,,,,CONN_FAIL,2026-04-21T00:41:20.686061
blazeai,openai/gpt-5.1,https://blazeai.boxu.dev/v1,,,,,HTTP_404,2026-04-21T00:41:21.167007
wiwi,gpt-5.1-codex-mini,https://wiwi.up.railway.app/v1,,,,,HTTP_404,2026-04-21T00:41:21.167105
wiwi,gpt-5.1-codex,https://wiwi.up.railway.app/v1,,,,,HTTP_404,2026-04-21T00:41:21.183544
wiwi,gpt-5.1-codex-max,https://wiwi.up.railway.app/v1,,,,,HTTP_404,2026-04-21T00:41:21.184732
wiwi,gpt-5-codex-mini,https://wiwi.up.railway.app/v1,,,,,HTTP_404,2026-04-21T00:41:21.188623
nvidia,z-ai/glm5,https://integrate.api.nvidia.com/v1,,,,,RATE_LIMIT,2026-04-21T00:41:21.190632
wiwi,deepseek-v3.2,https://wiwi.up.railway.app/v1,,,,,HTTP_404,2026-04-21T00:41:21.192752
wiwi,gpt-5.2,https://wiwi.up.railway.app/v1,,,,,HTTP_404,2026-04-21T00:41:21.256977
blazeai,alibaba/qwen3.6-plus,https://blazeai.boxu.dev/v1,,,,,HTTP_404,2026-04-21T00:41:21.257025
wiwi,glm-5,https://wiwi.up.railway.app/v1,,,,,HTTP_404,2026-04-21T00:41:21.260906
blazeai,openai/gpt-oss-20b,https://blazeai.boxu.dev/v1,,,,,HTTP_404,2026-04-21T00:41:21.376316
claude-carter,carter-claude-3-5-sonnet-20241022,https://claude.carter.indevs.in/v1,,,,,HTTP_404,2026-04-21T00:41:21.423621
blazeai,openai/gpt-5.2,https://blazeai.boxu.dev/v1,,,,,HTTP_404,2026-04-21T00:41:21.486080
blazeai,glm-4.7,https://blazeai.boxu.dev/v1,,,,,RATE_LIMIT,2026-04-21T00:41:21.549850
wiwi,gpt-5.2-codex,https://wiwi.up.railway.app/v1,,,,,HTTP_404,2026-04-21T00:41:21.549905
blazeai,deepseek-v3.1,https://blazeai.boxu.dev/v1,,,,,HTTP_502,2026-04-21T00:41:21.561134
wiwi,glm-4.7,https://wiwi.up.railway.app/v1,,,,,HTTP_404,2026-04-21T00:41:21.614507
blazeai,openai/gpt-5.4-mini,https://blazeai.boxu.dev/v1,,,,,RATE_LIMIT,2026-04-21T00:41:21.629976
logfare,gpt-5.4,https://logfare.ai/v1,,,,,HTTP_404,2026-04-21T00:41:21.650881
blazeai,openai/gpt-5.4-nano,https://blazeai.boxu.dev/v1,,,,,RATE_LIMIT,2026-04-21T00:41:21.675417
blazeai,google-gemini-3.1-pro,https://blazeai.boxu.dev/v1,,,,,RATE_LIMIT,2026-04-21T00:41:21.701996
wiwi,gpt-5.3-codex,https://wiwi.up.railway.app/v1,,,,,HTTP_404,2026-04-21T00:41:21.708475
wiwi,glm-4.6v-flash,https://wiwi.up.railway.app/v1,,,,,HTTP_404,2026-04-21T00:41:21.741537
blazeai,openai/grok-4.1-expert,https://blazeai.boxu.dev/v1,,,,,RATE_LIMIT,2026-04-21T00:41:21.768847
blazeai,alibaba/qwen3-vl-plus,https://blazeai.boxu.dev/v1,,,,,RATE_LIMIT,2026-04-21T00:41:21.812652
blazeai,glm-5,https://blazeai.boxu.dev/v1,,,,,RATE_LIMIT,2026-04-21T00:41:21.833177
blazeai,z-ai/glm-5,https://blazeai.boxu.dev/v1,,,,,RATE_LIMIT,2026-04-21T00:41:21.886340
wiwi,gpt-5.4,https://wiwi.up.railway.app/v1,,,,,HTTP_404,2026-04-21T00:41:21.891414
logfare,claude-opus-4.6,https://logfare.ai/v1,,,,,HTTP_404,2026-04-21T00:41:22.009189
claude-carter,carter-claude-sonnet-4-6,https://claude.carter.indevs.in/v1,,,,,HTTP_404,2026-04-21T00:41:22.009369
blazeai,openai/gpt-oss-120b,https://blazeai.boxu.dev/v1,,,,,RATE_LIMIT,2026-04-21T00:41:22.071932
blazeai,z-ai/glm-5.1,https://blazeai.boxu.dev/v1,,,,,RATE_LIMIT,2026-04-21T00:41:22.150439
wiwi,gpt-5.4-mini,https://wiwi.up.railway.app/v1,,,,,HTTP_404,2026-04-21T00:41:22.195204
claude-carter,carter-claude-sonnet-4-5-20250929,https://claude.carter.indevs.in/v1,,,,,HTTP_404,2026-04-21T00:41:22.342469
logfare,claude-sonnet-4.6,https://logfare.ai/v1,,,,,HTTP_404,2026-04-21T00:41:22.370861
blazeai,openai/z-ai/glm5,https://blazeai.boxu.dev/v1,,,,,RATE_LIMIT,2026-04-21T00:41:22.439491
blazeai,z-ai/glm5-think,https://blazeai.boxu.dev/v1,,,,,RATE_LIMIT,2026-04-21T00:41:22.496284
blazeai,qwen3.6,https://blazeai.boxu.dev/v1,,,,,RATE_LIMIT,2026-04-21T00:41:22.558686
wiwi,gpt-5,https://wiwi.up.railway.app/v1,,,,,HTTP_404,2026-04-21T00:41:22.628051
wiwi,gpt-5-codex,https://wiwi.up.railway.app/v1,,,,,HTTP_404,2026-04-21T00:41:22.664757
claude-carter,carter-claude-sonnet-4-20250514,https://claude.carter.indevs.in/v1,,,,,HTTP_404,2026-04-21T00:41:22.787366
logfare,claude-opus-4.7,https://logfare.ai/v1,,,,,HTTP_403,2026-04-21T00:41:22.825022
logfare,minimax-m2.7,https://logfare.ai/v1,3.43,322.2,1,34.466623,,2026-04-21T00:41:25.133812
logfare,gemini-3-flash,https://logfare.ai/v1,2.64,13.7,46,732.567007,,2026-04-21T00:41:27.185206
nvidia,z-ai/glm4.7,https://integrate.api.nvidia.com/v1,0.61,20.6,147,486.046893,,2026-04-21T00:41:28.923628
logfare,kimi-k2.5,https://logfare.ai/v1,1.33,113.8,844,89.203462,,2026-04-21T00:41:29.435662
blazeai,openai/gpt-5.4,https://blazeai.boxu.dev/v1,,,,,RATE_LIMIT,2026-04-21T00:41:29.744316
blazeai,openai/grok-4.20-beta,https://blazeai.boxu.dev/v1,1.63,11.5,213,871.195217,,2026-04-21T00:41:41.381931
blazeai,moonshot/kimi-k2.5[2],https://blazeai.boxu.dev/v1,1.13,4.4,91,2273.857273,,2026-04-21T00:41:42.352890
blazeai,openai/grok-4.1-mini,https://blazeai.boxu.dev/v1,1.28,7.5,171,1334.613333,,2026-04-21T00:41:44.798252
blazeai,openai/minimaxai/minimax-m2.5,https://blazeai.boxu.dev/v1,0.92,4.1,101,2439.944390,,2026-04-21T00:41:46.638759
nvidia,meta/llama-3.1-70b-instruct,https://integrate.api.nvidia.com/v1,0.24,15.9,388,629.170818,,2026-04-21T00:41:46.712807
blazeai,z-ai/glm5,https://blazeai.boxu.dev/v1,3.41,2.1,121,4765.314762,,2026-04-21T00:42:21.208444
blazeai,moonshotai/kimi-k2.5,https://blazeai.boxu.dev/v1,13.09,2.4,125,4179.756667,,2026-04-21T00:42:25.568198
blazeai,z-ai/glm5-rp,https://blazeai.boxu.dev/v1,21.53,1.0,49,10021.530000,,2026-04-21T00:42:30.110745
blazeai,glm5-rp,https://blazeai.boxu.dev/v1,,,,,TIMEOUT,2026-04-21T00:42:51.035879
